Domain Code,Domain,Area Code (M49),Area,Element Code,Element,Item Code (CPC),Item,Year Code,Year,Unit,Value,Flag,Flag Description,Note
"QCL","Crops and livestock products","036","Australia","5312","Area harvested","0115","Barley","2015","2015","ha","4107648","A","Official figure",""
"QCL","Crops and livestock products","036","Australia","5412","Yield","0115","Barley","2015","2015","kg/ha","2189.2","A","Official figure",""
"QCL","Crops and livestock products","036","Australia","5510","Production","0115","Barley","2015","2015","t","8992274","A","Official figure",""
"QCL","Crops and livestock products","036","Australia","5312","Area harvested","0115","Barley","2016","2016","ha","4834102","A","Official figure",""
"QCL","Crops and livestock products","036","Australia","5412","Yield","0115","Barley","2016","2016","kg/ha","2793.9","A","Official figure",""
"QCL","Crops and livestock products","036","Australia","5510","Production","0115","Barley","2016","2016","t","13505990","A","Official figure",""
"QCL","Crops and livestock products","036","Australia","5312","Area harvested","0115","Barley","2017","2017","ha","4124158","A","Official figure",""
"QCL","Crops and livestock products","036","Australia","5412","Yield","0115","Barley","2017","2017","kg/ha","2243.8","A","Official figure",""
"QCL","Crops and livestock products","036","Australia","5510","Production","0115","Barley","2017","2017","t","9253852","A","Official figure",""
"QCL","Crops and livestock products","036","Australia","5312","Area harvested","0115","Barley","2018","2018","ha","4436588","A","Official figure",""
"QCL","Crops and livestock products","036","Australia","5412","Yield","0115","Barley","2018","2018","kg/ha","1987.8","A","Official figure",""
"QCL","Crops and livestock products","036","Australia","5510","Production","0115","Barley","2018","2018","t","8818946.12","A","Official figure",""
"QCL","Crops and livestock products","036","Australia","5312","Area harvested","0115","Barley","2019","2019","ha","5040903","A","Official figure",""
"QCL","Crops and livestock products","036","Australia","5412","Yield","0115","Barley","2019","2019","kg/ha","2009","A","Official figure",""
"QCL","Crops and livestock products","036","Australia","5510","Production","0115","Barley","2019","2019","t","10127175.29","A","Official figure",""
"QCL","Crops and livestock products","036","Australia","5312","Area harvested","0115","Barley","2020","2020","ha","5491009","A","Official figure",""
"QCL","Crops and livestock products","036","Australia","5412","Yield","0115","Barley","2020","2020","kg/ha","2667.7","A","Official figure",""
"QCL","Crops and livestock products","036","Australia","5510","Production","0115","Barley","2020","2020","t","14648580.55","A","Official figure",""
"QCL","Crops and livestock products","036","Australia","5312","Area harvested","0115","Barley","2021","2021","ha","5094527","A","Official figure",""
"QCL","Crops and livestock products","036","Australia","5412","Yield","0115","Barley","2021","2021","kg/ha","2822.1","A","Official figure",""
"QCL","Crops and livestock products","036","Australia","5510","Production","0115","Barley","2021","2021","t","14377284.33","A","Official figure",""
"QCL","Crops and livestock products","036","Australia","5312","Area harvested","0115","Barley","2022","2022","ha","3807695","A","Official figure",""
"QCL","Crops and livestock products","036","Australia","5412","Yield","0115","Barley","2022","2022","kg/ha","3543.2","A","Official figure",""
"QCL","Crops and livestock products","036","Australia","5510","Production","0115","Barley","2022","2022","t","13491375","A","Official figure",""
"QCL","Crops and livestock products","036","Australia","5312","Area harvested","0115","Barley","2023","2023","ha","4001070","A","Official figure",""
"QCL","Crops and livestock products","036","Australia","5412","Yield","0115","Barley","2023","2023","kg/ha","2739.7","A","Official figure",""
"QCL","Crops and livestock products","036","Australia","5510","Production","0115","Barley","2023","2023","t","10961886","A","Official figure",""
"QCL","Crops and livestock products","036","Australia","5312","Area harvested","0115","Barley","2024","2024","ha","4621000","A","Official figure",""
"QCL","Crops and livestock products","036","Australia","5412","Yield","0115","Barley","2024","2024","kg/ha","2870.6","A","Official figure",""
"QCL","Crops and livestock products","036","Australia","5510","Production","0115","Barley","2024","2024","t","13265000","A","Official figure",""
"QCL","Crops and livestock products","036","Australia","5312","Area harvested","0112","Maize (corn)","2015","2015","ha","59588","A","Official figure",""
"QCL","Crops and livestock products","036","Australia","5412","Yield","0112","Maize (corn)","2015","2015","kg/ha","8300.1","A","Official figure",""
"QCL","Crops and livestock products","036","Australia","5510","Production","0112","Maize (corn)","2015","2015","t","494589","A","Official figure",""
"QCL","Crops and livestock products","036","Australia","5312","Area harvested","0112","Maize (corn)","2016","2016","ha","53281","A","Official figure",""
"QCL","Crops and livestock products","036","Australia","5412","Yield","0112","Maize (corn)","2016","2016","kg/ha","7508","A","Official figure",""
"QCL","Crops and livestock products","036","Australia","5510","Production","0112","Maize (corn)","2016","2016","t","400032","A","Official figure",""
"QCL","Crops and livestock products","036","Australia","5312","Area harvested","0112","Maize (corn)","2017","2017","ha","67771","A","Official figure",""
"QCL","Crops and livestock products","036","Australia","5412","Yield","0112","Maize (corn)","2017","2017","kg/ha","6436.3","A","Official figure",""
"QCL","Crops and livestock products","036","Australia","5510","Production","0112","Maize (corn)","2017","2017","t","436193.85","A","Official figure",""
"QCL","Crops and livestock products","036","Australia","5312","Area harvested","0112","Maize (corn)","2018","2018","ha","52783","A","Official figure",""
"QCL","Crops and livestock products","036","Australia","5412","Yield","0112","Maize (corn)","2018","2018","kg/ha","7336.5","A","Official figure",""
"QCL","Crops and livestock products","036","Australia","5510","Production","0112","Maize (corn)","2018","2018","t","387240","A","Official figure",""
"QCL","Crops and livestock products","036","Australia","5312","Area harvested","0112","Maize (corn)","2019","2019","ha","58949","A","Official figure",""
"QCL","Crops and livestock products","036","Australia","5412","Yield","0112","Maize (corn)","2019","2019","kg/ha","5550.7","A","Official figure",""
"QCL","Crops and livestock products","036","Australia","5510","Production","0112","Maize (corn)","2019","2019","t","327206.16","A","Official figure",""
"QCL","Crops and livestock products","036","Australia","5312","Area harvested","0112","Maize (corn)","2020","2020","ha","37730","A","Official figure",""
"QCL","Crops and livestock products","036","Australia","5412","Yield","0112","Maize (corn)","2020","2020","kg/ha","7091.2","A","Official figure",""
"QCL","Crops and livestock products","036","Australia","5510","Production","0112","Maize (corn)","2020","2020","t","267551.56","A","Official figure",""
"QCL","Crops and livestock products","036","Australia","5312","Area harvested","0112","Maize (corn)","2021","2021","ha","45742","A","Official figure",""
"QCL","Crops and livestock products","036","Australia","5412","Yield","0112","Maize (corn)","2021","2021","kg/ha","6682.2","A","Official figure",""
"QCL","Crops and livestock products","036","Australia","5510","Production","0112","Maize (corn)","2021","2021","t","305655.87","A","Official figure",""
"QCL","Crops and livestock products","036","Australia","5312","Area harvested","0112","Maize (corn)","2022","2022","ha","52600","A","Official figure",""
"QCL","Crops and livestock products","036","Australia","5412","Yield","0112","Maize (corn)","2022","2022","kg/ha","8174.9","A","Official figure",""
"QCL","Crops and livestock products","036","Australia","5510","Production","0112","Maize (corn)","2022","2022","t","430000","A","Official figure",""
"QCL","Crops and livestock products","036","Australia","5312","Area harvested","0112","Maize (corn)","2023","2023","ha","77738","A","Official figure",""
"QCL","Crops and livestock products","036","Australia","5412","Yield","0112","Maize (corn)","2023","2023","kg/ha","4971.9","A","Official figure",""
"QCL","Crops and livestock products","036","Australia","5510","Production","0112","Maize (corn)","2023","2023","t","386502","A","Official figure",""
"QCL","Crops and livestock products","036","Australia","5312","Area harvested","0112","Maize (corn)","2024","2024","ha","75132","A","Official figure",""
"QCL","Crops and livestock products","036","Australia","5412","Yield","0112","Maize (corn)","2024","2024","kg/ha","5949.9","A","Official figure",""
"QCL","Crops and livestock products","036","Australia","5510","Production","0112","Maize (corn)","2024","2024","t","447027","A","Official figure",""
"QCL","Crops and livestock products","036","Australia","5312","Area harvested","0118","Millet","2015","2015","ha","35691","I","Value imputed by a receiving agency",""
"QCL","Crops and livestock products","036","Australia","5412","Yield","0118","Millet","2015","2015","kg/ha","1021.1","E","Estimated value",""
"QCL","Crops and livestock products","036","Australia","5510","Production","0118","Millet","2015","2015","t","36442.67","I","Value imputed by a receiving agency",""
"QCL","Crops and livestock products","036","Australia","5312","Area harvested","0118","Millet","2016","2016","ha","35589","I","Value imputed by a receiving agency",""
"QCL","Crops and livestock products","036","Australia","5412","Yield","0118","Millet","2016","2016","kg/ha","1022.8","E","Estimated value",""
"QCL","Crops and livestock products","036","Australia","5510","Production","0118","Millet","2016","2016","t","36400.38","I","Value imputed by a receiving agency",""
"QCL","Crops and livestock products","036","Australia","5312","Area harvested","0118","Millet","2017","2017","ha","35931","I","Value imputed by a receiving agency",""
"QCL","Crops and livestock products","036","Australia","5412","Yield","0118","Millet","2017","2017","kg/ha","1024.3","E","Estimated value",""
"QCL","Crops and livestock products","036","Australia","5510","Production","0118","Millet","2017","2017","t","36802.25","I","Value imputed by a receiving agency",""
"QCL","Crops and livestock products","036","Australia","5312","Area harvested","0118","Millet","2018","2018","ha","35971","I","Value imputed by a receiving agency",""
"QCL","Crops and livestock products","036","Australia","5412","Yield","0118","Millet","2018","2018","kg/ha","1025","E","Estimated value",""
"QCL","Crops and livestock products","036","Australia","5510","Production","0118","Millet","2018","2018","t","36870","I","Value imputed by a receiving agency",""
"QCL","Crops and livestock products","036","Australia","5312","Area harvested","0118","Millet","2019","2019","ha","35975","I","Value imputed by a receiving agency",""
"QCL","Crops and livestock products","036","Australia","5412","Yield","0118","Millet","2019","2019","kg/ha","1025.3","E","Estimated value",""
"QCL","Crops and livestock products","036","Australia","5510","Production","0118","Millet","2019","2019","t","36885.71","I","Value imputed by a receiving agency",""
"QCL","Crops and livestock products","036","Australia","5312","Area harvested","0118","Millet","2020","2020","ha","36118","I","Value imputed by a receiving agency",""
"QCL","Crops and livestock products","036","Australia","5412","Yield","0118","Millet","2020","2020","kg/ha","1025.7","E","Estimated value",""
"QCL","Crops and livestock products","036","Australia","5510","Production","0118","Millet","2020","2020","t","37045.07","I","Value imputed by a receiving agency",""
"QCL","Crops and livestock products","036","Australia","5312","Area harvested","0118","Millet","2021","2021","ha","36132","I","Value imputed by a receiving agency",""
"QCL","Crops and livestock products","036","Australia","5412","Yield","0118","Millet","2021","2021","kg/ha","1025.3","E","Estimated value",""
"QCL","Crops and livestock products","036","Australia","5510","Production","0118","Millet","2021","2021","t","37046.37","I","Value imputed by a receiving agency",""
"QCL","Crops and livestock products","036","Australia","5312","Area harvested","0118","Millet","2022","2022","ha","35831","I","Value imputed by a receiving agency",""
"QCL","Crops and livestock products","036","Australia","5412","Yield","0118","Millet","2022","2022","kg/ha","1023.1","E","Estimated value",""
"QCL","Crops and livestock products","036","Australia","5510","Production","0118","Millet","2022","2022","t","36656.71","I","Value imputed by a receiving agency",""
"QCL","Crops and livestock products","036","Australia","5312","Area harvested","0118","Millet","2023","2023","ha","35914","I","Value imputed by a receiving agency",""
"QCL","Crops and livestock products","036","Australia","5412","Yield","0118","Millet","2023","2023","kg/ha","1023.1","E","Estimated value",""
"QCL","Crops and livestock products","036","Australia","5510","Production","0118","Millet","2023","2023","t","36744.61","I","Value imputed by a receiving agency",""
"QCL","Crops and livestock products","036","Australia","5312","Area harvested","0118","Millet","2024","2024","ha","35998","I","Value imputed by a receiving agency",""
"QCL","Crops and livestock products","036","Australia","5412","Yield","0118","Millet","2024","2024","kg/ha","1023.2","E","Estimated value",""
"QCL","Crops and livestock products","036","Australia","5510","Production","0118","Millet","2024","2024","t","36832.52","I","Value imputed by a receiving agency",""
"QCL","Crops and livestock products","036","Australia","5312","Area harvested","01510","Potatoes","2015","2015","ha","29414","A","Official figure",""
"QCL","Crops and livestock products","036","Australia","5412","Yield","01510","Potatoes","2015","2015","kg/ha","39250.1","A","Official figure",""
"QCL","Crops and livestock products","036","Australia","5510","Production","01510","Potatoes","2015","2015","t","1154503","A","Official figure",""
"QCL","Crops and livestock products","036","Australia","5312","Area harvested","01510","Potatoes","2016","2016","ha","27968","A","Official figure",""
"QCL","Crops and livestock products","036","Australia","5412","Yield","01510","Potatoes","2016","2016","kg/ha","40409.6","A","Official figure",""
"QCL","Crops and livestock products","036","Australia","5510","Production","01510","Potatoes","2016","2016","t","1130175","A","Official figure",""
"QCL","Crops and livestock products","036","Australia","5312","Area harvested","01510","Potatoes","2017","2017","ha","28372","A","Official figure",""
"QCL","Crops and livestock products","036","Australia","5412","Yield","01510","Potatoes","2017","2017","kg/ha","38953.4","A","Official figure",""
"QCL","Crops and livestock products","036","Australia","5510","Production","01510","Potatoes","2017","2017","t","1105194.17","A","Official figure",""
"QCL","Crops and livestock products","036","Australia","5312","Area harvested","01510","Potatoes","2018","2018","ha","29740","A","Official figure",""
"QCL","Crops and livestock products","036","Australia","5412","Yield","01510","Potatoes","2018","2018","kg/ha","39968.2","A","Official figure",""
"QCL","Crops and livestock products","036","Australia","5510","Production","01510","Potatoes","2018","2018","t","1188655","A","Official figure",""
"QCL","Crops and livestock products","036","Australia","5312","Area harvested","01510","Potatoes","2019","2019","ha","32413","A","Official figure",""
"QCL","Crops and livestock products","036","Australia","5412","Yield","01510","Potatoes","2019","2019","kg/ha","37802.2","A","Official figure",""
"QCL","Crops and livestock products","036","Australia","5510","Production","01510","Potatoes","2019","2019","t","1225273.58","A","Official figure",""
"QCL","Crops and livestock products","036","Australia","5312","Area harvested","01510","Potatoes","2020","2020","ha","27057","A","Official figure",""
"QCL","Crops and livestock products","036","Australia","5412","Yield","01510","Potatoes","2020","2020","kg/ha","39797.1","A","Official figure",""
"QCL","Crops and livestock products","036","Australia","5510","Production","01510","Potatoes","2020","2020","t","1076780.11","A","Official figure",""
"QCL","Crops and livestock products","036","Australia","5312","Area harvested","01510","Potatoes","2021","2021","ha","36119","I","Value imputed by a receiving agency",""
"QCL","Crops and livestock products","036","Australia","5412","Yield","01510","Potatoes","2021","2021","kg/ha","40393.6","E","Estimated value",""
"QCL","Crops and livestock products","036","Australia","5510","Production","01510","Potatoes","2021","2021","t","1458991","A","Official figure",""
"QCL","Crops and livestock products","036","Australia","5312","Area harvested","01510","Potatoes","2022","2022","ha","35939","I","Value imputed by a receiving agency",""
"QCL","Crops and livestock products","036","Australia","5412","Yield","01510","Potatoes","2022","2022","kg/ha","40682.1","E","Estimated value",""
"QCL","Crops and livestock products","036","Australia","5510","Production","01510","Potatoes","2022","2022","t","1462066","A","Official figure",""
"QCL","Crops and livestock products","036","Australia","5312","Area harvested","01510","Potatoes","2023","2023","ha","36063","I","Value imputed by a receiving agency",""
"QCL","Crops and livestock products","036","Australia","5412","Yield","01510","Potatoes","2023","2023","kg/ha","40567.2","E","Estimated value",""
"QCL","Crops and livestock products","036","Australia","5510","Production","01510","Potatoes","2023","2023","t","1462975","A","Official figure",""
"QCL","Crops and livestock products","036","Australia","5312","Area harvested","01510","Potatoes","2024","2024","ha","37519","I","Value imputed by a receiving agency",""
"QCL","Crops and livestock products","036","Australia","5412","Yield","01510","Potatoes","2024","2024","kg/ha","40784.1","E","Estimated value",""
"QCL","Crops and livestock products","036","Australia","5510","Production","01510","Potatoes","2024","2024","t","1530163","A","Official figure",""
"QCL","Crops and livestock products","036","Australia","5312","Area harvested","01443","Rape or colza seed","2015","2015","ha","2090892","A","Official figure",""
"QCL","Crops and livestock products","036","Australia","5412","Yield","01443","Rape or colza seed","2015","2015","kg/ha","1327.4","A","Official figure",""
"QCL","Crops and livestock products","036","Australia","5510","Production","01443","Rape or colza seed","2015","2015","t","2775478.99","A","Official figure",""
"QCL","Crops and livestock products","036","Australia","5312","Area harvested","01443","Rape or colza seed","2016","2016","ha","2681162","A","Official figure",""
"QCL","Crops and livestock products","036","Australia","5412","Yield","01443","Rape or colza seed","2016","2016","kg/ha","1608.7","A","Official figure",""
"QCL","Crops and livestock products","036","Australia","5510","Production","01443","Rape or colza seed","2016","2016","t","4313230","A","Official figure",""
"QCL","Crops and livestock products","036","Australia","5312","Area harvested","01443","Rape or colza seed","2017","2017","ha","3171117","A","Official figure",""
"QCL","Crops and livestock products","036","Australia","5412","Yield","01443","Rape or colza seed","2017","2017","kg/ha","1227.7","A","Official figure",""
"QCL","Crops and livestock products","036","Australia","5510","Production","01443","Rape or colza seed","2017","2017","t","3893071","A","Official figure",""
"QCL","Crops and livestock products","036","Australia","5312","Area harvested","01443","Rape or colza seed","2018","2018","ha","2119836","A","Official figure",""
"QCL","Crops and livestock products","036","Australia","5412","Yield","01443","Rape or colza seed","2018","2018","kg/ha","1116","A","Official figure",""
"QCL","Crops and livestock products","036","Australia","5510","Production","01443","Rape or colza seed","2018","2018","t","2365839.14","A","Official figure",""
"QCL","Crops and livestock products","036","Australia","5312","Area harvested","01443","Rape or colza seed","2019","2019","ha","2034057","A","Official figure",""
"QCL","Crops and livestock products","036","Australia","5412","Yield","01443","Rape or colza seed","2019","2019","kg/ha","1130","A","Official figure",""
"QCL","Crops and livestock products","036","Australia","5510","Production","01443","Rape or colza seed","2019","2019","t","2298529.36","A","Official figure",""
"QCL","Crops and livestock products","036","Australia","5312","Area harvested","01443","Rape or colza seed","2020","2020","ha","2613846","A","Official figure",""
"QCL","Crops and livestock products","036","Australia","5412","Yield","01443","Rape or colza seed","2020","2020","kg/ha","1819.7","A","Official figure",""
"QCL","Crops and livestock products","036","Australia","5510","Production","01443","Rape or colza seed","2020","2020","t","4756388.25","A","Official figure",""
"QCL","Crops and livestock products","036","Australia","5312","Area harvested","01443","Rape or colza seed","2021","2021","ha","3250261","A","Official figure",""
"QCL","Crops and livestock products","036","Australia","5412","Yield","01443","Rape or colza seed","2021","2021","kg/ha","2098.4","A","Official figure",""
"QCL","Crops and livestock products","036","Australia","5510","Production","01443","Rape or colza seed","2021","2021","t","6820286.77","A","Official figure",""
"QCL","Crops and livestock products","036","Australia","5312","Area harvested","01443","Rape or colza seed","2022","2022","ha","4356211","A","Official figure",""
"QCL","Crops and livestock products","036","Australia","5412","Yield","01443","Rape or colza seed","2022","2022","kg/ha","2047.2","A","Official figure",""
"QCL","Crops and livestock products","036","Australia","5510","Production","01443","Rape or colza seed","2022","2022","t","8917862","A","Official figure",""
"QCL","Crops and livestock products","036","Australia","5312","Area harvested","01443","Rape or colza seed","2023","2023","ha","3714751","A","Official figure",""
"QCL","Crops and livestock products","036","Australia","5412","Yield","01443","Rape or colza seed","2023","2023","kg/ha","2020.2","A","Official figure",""
"QCL","Crops and livestock products","036","Australia","5510","Production","01443","Rape or colza seed","2023","2023","t","7504667","A","Official figure",""
"QCL","Crops and livestock products","036","Australia","5312","Area harvested","01443","Rape or colza seed","2024","2024","ha","3438500","A","Official figure",""
"QCL","Crops and livestock products","036","Australia","5412","Yield","01443","Rape or colza seed","2024","2024","kg/ha","1860.1","A","Official figure",""
"QCL","Crops and livestock products","036","Australia","5510","Production","01443","Rape or colza seed","2024","2024","t","6396000","A","Official figure",""
"QCL","Crops and livestock products","036","Australia","5312","Area harvested","0113","Rice","2015","2015","ha","69664","A","Official figure",""
"QCL","Crops and livestock products","036","Australia","5412","Yield","0113","Rice","2015","2015","kg/ha","9910.3","A","Official figure",""
"QCL","Crops and livestock products","036","Australia","5510","Production","0113","Rice","2015","2015","t","690390","A","Official figure",""
"QCL","Crops and livestock products","036","Australia","5312","Area harvested","0113","Rice","2016","2016","ha","26625","A","Official figure",""
"QCL","Crops and livestock products","036","Australia","5412","Yield","0113","Rice","2016","2016","kg/ha","10288.9","A","Official figure",""
"QCL","Crops and livestock products","036","Australia","5510","Production","0113","Rice","2016","2016","t","273942","A","Official figure",""
"QCL","Crops and livestock products","036","Australia","5312","Area harvested","0113","Rice","2017","2017","ha","82204","A","Official figure",""
"QCL","Crops and livestock products","036","Australia","5412","Yield","0113","Rice","2017","2017","kg/ha","9820.8","A","Official figure",""
"QCL","Crops and livestock products","036","Australia","5510","Production","0113","Rice","2017","2017","t","807304.46","A","Official figure",""
"QCL","Crops and livestock products","036","Australia","5312","Area harvested","0113","Rice","2018","2018","ha","61151","A","Official figure",""
"QCL","Crops and livestock products","036","Australia","5412","Yield","0113","Rice","2018","2018","kg/ha","10386","A","Official figure",""
"QCL","Crops and livestock products","036","Australia","5510","Production","0113","Rice","2018","2018","t","635113","A","Official figure",""
"QCL","Crops and livestock products","036","Australia","5312","Area harvested","0113","Rice","2019","2019","ha","7620","A","Official figure",""
"QCL","Crops and livestock products","036","Australia","5412","Yield","0113","Rice","2019","2019","kg/ha","8771","A","Official figure",""
"QCL","Crops and livestock products","036","Australia","5510","Production","0113","Rice","2019","2019","t","66835.34","A","Official figure",""
"QCL","Crops and livestock products","036","Australia","5312","Area harvested","0113","Rice","2020","2020","ha","5007","A","Official figure",""
"QCL","Crops and livestock products","036","Australia","5412","Yield","0113","Rice","2020","2020","kg/ha","10030.8","A","Official figure",""
"QCL","Crops and livestock products","036","Australia","5510","Production","0113","Rice","2020","2020","t","50226.33","A","Official figure",""
"QCL","Crops and livestock products","036","Australia","5312","Area harvested","0113","Rice","2021","2021","ha","45084","A","Official figure",""
"QCL","Crops and livestock products","036","Australia","5412","Yield","0113","Rice","2021","2021","kg/ha","9382","A","Official figure",""
"QCL","Crops and livestock products","036","Australia","5510","Production","0113","Rice","2021","2021","t","422977.54","A","Official figure",""
"QCL","Crops and livestock products","036","Australia","5312","Area harvested","0113","Rice","2022","2022","ha","62549","A","Official figure",""
"QCL","Crops and livestock products","036","Australia","5412","Yield","0113","Rice","2022","2022","kg/ha","11054.5","A","Official figure",""
"QCL","Crops and livestock products","036","Australia","5510","Production","0113","Rice","2022","2022","t","691444.48","A","Official figure",""
"QCL","Crops and livestock products","036","Australia","5312","Area harvested","0113","Rice","2023","2023","ha","52188","A","Official figure",""
"QCL","Crops and livestock products","036","Australia","5412","Yield","0113","Rice","2023","2023","kg/ha","9516.2","A","Official figure",""
"QCL","Crops and livestock products","036","Australia","5510","Production","0113","Rice","2023","2023","t","496633","A","Official figure",""
"QCL","Crops and livestock products","036","Australia","5312","Area harvested","0113","Rice","2024","2024","ha","51969","A","Official figure",""
"QCL","Crops and livestock products","036","Australia","5412","Yield","0113","Rice","2024","2024","kg/ha","11914.4","A","Official figure",""
"QCL","Crops and livestock products","036","Australia","5510","Production","0113","Rice","2024","2024","t","619180","A","Official figure",""
"QCL","Crops and livestock products","036","Australia","5312","Area harvested","0111","Wheat","2015","2015","ha","11282202","A","Official figure",""
"QCL","Crops and livestock products","036","Australia","5412","Yield","0111","Wheat","2015","2015","kg/ha","1974.3","A","Official figure",""
"QCL","Crops and livestock products","036","Australia","5510","Production","0111","Wheat","2015","2015","t","22274514","A","Official figure",""
"QCL","Crops and livestock products","036","Australia","5312","Area harvested","0111","Wheat","2016","2016","ha","12191153","A","Official figure",""
"QCL","Crops and livestock products","036","Australia","5412","Yield","0111","Wheat","2016","2016","kg/ha","2610","A","Official figure",""
"QCL","Crops and livestock products","036","Australia","5510","Production","0111","Wheat","2016","2016","t","31818743.54","A","Official figure",""
"QCL","Crops and livestock products","036","Australia","5312","Area harvested","0111","Wheat","2017","2017","ha","10919180","A","Official figure",""
"QCL","Crops and livestock products","036","Australia","5412","Yield","0111","Wheat","2017","2017","kg/ha","1917.8","A","Official figure",""
"QCL","Crops and livestock products","036","Australia","5510","Production","0111","Wheat","2017","2017","t","20941134","A","Official figure",""
"QCL","Crops and livestock products","036","Australia","5312","Area harvested","0111","Wheat","2018","2018","ha","10402271","A","Official figure",""
"QCL","Crops and livestock products","036","Australia","5412","Yield","0111","Wheat","2018","2018","kg/ha","1691.7","A","Official figure",""
"QCL","Crops and livestock products","036","Australia","5510","Production","0111","Wheat","2018","2018","t","17597560.79","A","Official figure",""
"QCL","Crops and livestock products","036","Australia","5312","Area harvested","0111","Wheat","2019","2019","ha","9863184","A","Official figure",""
"QCL","Crops and livestock products","036","Australia","5412","Yield","0111","Wheat","2019","2019","kg/ha","1468.1","A","Official figure",""
"QCL","Crops and livestock products","036","Australia","5510","Production","0111","Wheat","2019","2019","t","14480217.44","A","Official figure",""
"QCL","Crops and livestock products","036","Australia","5312","Area harvested","0111","Wheat","2020","2020","ha","12643216","A","Official figure",""
"QCL","Crops and livestock products","036","Australia","5412","Yield","0111","Wheat","2020","2020","kg/ha","2524.9","A","Official figure",""
"QCL","Crops and livestock products","036","Australia","5510","Production","0111","Wheat","2020","2020","t","31922554.7","A","Official figure",""
"QCL","Crops and livestock products","036","Australia","5312","Area harvested","0111","Wheat","2021","2021","ha","12728252","A","Official figure",""
"QCL","Crops and livestock products","036","Australia","5412","Yield","0111","Wheat","2021","2021","kg/ha","2847","A","Official figure",""
"QCL","Crops and livestock products","036","Australia","5510","Production","0111","Wheat","2021","2021","t","36237477.23","A","Official figure",""
"QCL","Crops and livestock products","036","Australia","5312","Area harvested","0111","Wheat","2022","2022","ha","12925286","A","Official figure",""
"QCL","Crops and livestock products","036","Australia","5412","Yield","0111","Wheat","2022","2022","kg/ha","3187.5","A","Official figure",""
"QCL","Crops and livestock products","036","Australia","5510","Production","0111","Wheat","2022","2022","t","41199486","A","Official figure",""
"QCL","Crops and livestock products","036","Australia","5312","Area harvested","0111","Wheat","2023","2023","ha","10506997","A","Official figure",""
"QCL","Crops and livestock products","036","Australia","5412","Yield","0111","Wheat","2023","2023","kg/ha","2667.6","A","Official figure",""
"QCL","Crops and livestock products","036","Australia","5510","Production","0111","Wheat","2023","2023","t","28028429","A","Official figure",""
"QCL","Crops and livestock products","036","Australia","5312","Area harvested","0111","Wheat","2024","2024","ha","13060000","A","Official figure",""
"QCL","Crops and livestock products","036","Australia","5412","Yield","0111","Wheat","2024","2024","kg/ha","2611.8","A","Official figure",""
"QCL","Crops and livestock products","036","Australia","5510","Production","0111","Wheat","2024","2024","t","34110000","A","Official figure",""
"QCL","Crops and livestock products","124","Canada","5312","Area harvested","0115","Barley","2015","2015","ha","2352300","A","Official figure",""
"QCL","Crops and livestock products","124","Canada","5412","Yield","0115","Barley","2015","2015","kg/ha","3510","A","Official figure",""
"QCL","Crops and livestock products","124","Canada","5510","Production","0115","Barley","2015","2015","t","8256600","A","Official figure",""
"QCL","Crops and livestock products","124","Canada","5312","Area harvested","0115","Barley","2016","2016","ha","2265700","A","Official figure",""
"QCL","Crops and livestock products","124","Canada","5412","Yield","0115","Barley","2016","2016","kg/ha","3901.4","A","Official figure",""
"QCL","Crops and livestock products","124","Canada","5510","Production","0115","Barley","2016","2016","t","8839400","A","Official figure",""
"QCL","Crops and livestock products","124","Canada","5312","Area harvested","0115","Barley","2017","2017","ha","2113500","A","Official figure",""
"QCL","Crops and livestock products","124","Canada","5412","Yield","0115","Barley","2017","2017","kg/ha","3733.8","A","Official figure",""
"QCL","Crops and livestock products","124","Canada","5510","Production","0115","Barley","2017","2017","t","7891300","A","Official figure",""
"QCL","Crops and livestock products","124","Canada","5312","Area harvested","0115","Barley","2018","2018","ha","2395200","A","Official figure",""
"QCL","Crops and livestock products","124","Canada","5412","Yield","0115","Barley","2018","2018","kg/ha","3498.5","A","Official figure",""
"QCL","Crops and livestock products","124","Canada","5510","Production","0115","Barley","2018","2018","t","8379700","A","Official figure",""
"QCL","Crops and livestock products","124","Canada","5312","Area harvested","0115","Barley","2019","2019","ha","2727500","A","Official figure",""
"QCL","Crops and livestock products","124","Canada","5412","Yield","0115","Barley","2019","2019","kg/ha","3806.6","A","Official figure",""
"QCL","Crops and livestock products","124","Canada","5510","Production","0115","Barley","2019","2019","t","10382600","A","Official figure",""
"QCL","Crops and livestock products","124","Canada","5312","Area harvested","0115","Barley","2020","2020","ha","2808700","A","Official figure",""
"QCL","Crops and livestock products","124","Canada","5412","Yield","0115","Barley","2020","2020","kg/ha","3824","A","Official figure",""
"QCL","Crops and livestock products","124","Canada","5510","Production","0115","Barley","2020","2020","t","10740600","A","Official figure",""
"QCL","Crops and livestock products","124","Canada","5312","Area harvested","0115","Barley","2021","2021","ha","3011100","A","Official figure",""
"QCL","Crops and livestock products","124","Canada","5412","Yield","0115","Barley","2021","2021","kg/ha","2274.3","A","Official figure",""
"QCL","Crops and livestock products","124","Canada","5510","Production","0115","Barley","2021","2021","t","6848137","A","Official figure",""
"QCL","Crops and livestock products","124","Canada","5312","Area harvested","0115","Barley","2022","2022","ha","2635700","A","Official figure",""
"QCL","Crops and livestock products","124","Canada","5412","Yield","0115","Barley","2022","2022","kg/ha","3789","A","Official figure",""
"QCL","Crops and livestock products","124","Canada","5510","Production","0115","Barley","2022","2022","t","9986681","A","Official figure",""
"QCL","Crops and livestock products","124","Canada","5312","Area harvested","0115","Barley","2023","2023","ha","2702700","A","Official figure",""
"QCL","Crops and livestock products","124","Canada","5412","Yield","0115","Barley","2023","2023","kg/ha","3295","A","Official figure",""
"QCL","Crops and livestock products","124","Canada","5510","Production","0115","Barley","2023","2023","t","8905385","A","Official figure",""
"QCL","Crops and livestock products","124","Canada","5312","Area harvested","0115","Barley","2024","2024","ha","2394100","A","Official figure",""
"QCL","Crops and livestock products","124","Canada","5412","Yield","0115","Barley","2024","2024","kg/ha","3401.7","A","Official figure",""
"QCL","Crops and livestock products","124","Canada","5510","Production","0115","Barley","2024","2024","t","8143897","A","Official figure",""
"QCL","Crops and livestock products","124","Canada","5312","Area harvested","0112","Maize (corn)","2015","2015","ha","1340400","A","Official figure",""
"QCL","Crops and livestock products","124","Canada","5412","Yield","0112","Maize (corn)","2015","2015","kg/ha","10205.5","A","Official figure",""
"QCL","Crops and livestock products","124","Canada","5510","Production","0112","Maize (corn)","2015","2015","t","13679500","A","Official figure",""
"QCL","Crops and livestock products","124","Canada","5312","Area harvested","0112","Maize (corn)","2016","2016","ha","1413500","A","Official figure",""
"QCL","Crops and livestock products","124","Canada","5412","Yield","0112","Maize (corn)","2016","2016","kg/ha","9826","A","Official figure",""
"QCL","Crops and livestock products","124","Canada","5510","Production","0112","Maize (corn)","2016","2016","t","13889000","A","Official figure",""
"QCL","Crops and livestock products","124","Canada","5312","Area harvested","0112","Maize (corn)","2017","2017","ha","1406200","A","Official figure",""
"QCL","Crops and livestock products","124","Canada","5412","Yield","0112","Maize (corn)","2017","2017","kg/ha","10023.8","A","Official figure",""
"QCL","Crops and livestock products","124","Canada","5510","Production","0112","Maize (corn)","2017","2017","t","14095500","A","Official figure",""
"QCL","Crops and livestock products","124","Canada","5312","Area harvested","0112","Maize (corn)","2018","2018","ha","1430700","A","Official figure",""
"QCL","Crops and livestock products","124","Canada","5412","Yield","0112","Maize (corn)","2018","2018","kg/ha","9704.9","A","Official figure",""
"QCL","Crops and livestock products","124","Canada","5510","Production","0112","Maize (corn)","2018","2018","t","13884800","A","Official figure",""
"QCL","Crops and livestock products","124","Canada","5312","Area harvested","0112","Maize (corn)","2019","2019","ha","1451200","A","Official figure",""
"QCL","Crops and livestock products","124","Canada","5412","Yield","0112","Maize (corn)","2019","2019","kg/ha","9236.4","A","Official figure",""
"QCL","Crops and livestock products","124","Canada","5510","Production","0112","Maize (corn)","2019","2019","t","13403900","A","Official figure",""
"QCL","Crops and livestock products","124","Canada","5312","Area harvested","0112","Maize (corn)","2020","2020","ha","1408200","A","Official figure",""
"QCL","Crops and livestock products","124","Canada","5412","Yield","0112","Maize (corn)","2020","2020","kg/ha","9631.7","A","Official figure",""
"QCL","Crops and livestock products","124","Canada","5510","Production","0112","Maize (corn)","2020","2020","t","13563300","A","Official figure",""
"QCL","Crops and livestock products","124","Canada","5312","Area harvested","0112","Maize (corn)","2021","2021","ha","1461700","A","Official figure",""
"QCL","Crops and livestock products","124","Canada","5412","Yield","0112","Maize (corn)","2021","2021","kg/ha","9995.8","A","Official figure",""
"QCL","Crops and livestock products","124","Canada","5510","Production","0112","Maize (corn)","2021","2021","t","14610792","A","Official figure",""
"QCL","Crops and livestock products","124","Canada","5312","Area harvested","0112","Maize (corn)","2022","2022","ha","1443900","A","Official figure",""
"QCL","Crops and livestock products","124","Canada","5412","Yield","0112","Maize (corn)","2022","2022","kg/ha","10069.2","A","Official figure",""
"QCL","Crops and livestock products","124","Canada","5510","Production","0112","Maize (corn)","2022","2022","t","14538878","A","Official figure",""
"QCL","Crops and livestock products","124","Canada","5312","Area harvested","0112","Maize (corn)","2023","2023","ha","1518900","A","Official figure",""
"QCL","Crops and livestock products","124","Canada","5412","Yield","0112","Maize (corn)","2023","2023","kg/ha","10152.7","A","Official figure",""
"QCL","Crops and livestock products","124","Canada","5510","Production","0112","Maize (corn)","2023","2023","t","15420909","A","Official figure",""
"QCL","Crops and livestock products","124","Canada","5312","Area harvested","0112","Maize (corn)","2024","2024","ha","1449300","A","Official figure",""
"QCL","Crops and livestock products","124","Canada","5412","Yield","0112","Maize (corn)","2024","2024","kg/ha","10587.8","A","Official figure",""
"QCL","Crops and livestock products","124","Canada","5510","Production","0112","Maize (corn)","2024","2024","t","15344938","A","Official figure",""
"QCL","Crops and livestock products","124","Canada","5312","Area harvested","0118","Millet","2015","2015","","","","",""
"QCL","Crops and livestock products","124","Canada","5412","Yield","0118","Millet","2015","2015","","","","",""
"QCL","Crops and livestock products","124","Canada","5510","Production","0118","Millet","2015","2015","","","","",""
"QCL","Crops and livestock products","124","Canada","5312","Area harvested","0118","Millet","2016","2016","","","","",""
"QCL","Crops and livestock products","124","Canada","5412","Yield","0118","Millet","2016","2016","","","","",""
"QCL","Crops and livestock products","124","Canada","5510","Production","0118","Millet","2016","2016","","","","",""
"QCL","Crops and livestock products","124","Canada","5312","Area harvested","0118","Millet","2017","2017","","","","",""
"QCL","Crops and livestock products","124","Canada","5412","Yield","0118","Millet","2017","2017","","","","",""
"QCL","Crops and livestock products","124","Canada","5510","Production","0118","Millet","2017","2017","","","","",""
"QCL","Crops and livestock products","124","Canada","5312","Area harvested","0118","Millet","2018","2018","","","","",""
"QCL","Crops and livestock products","124","Canada","5412","Yield","0118","Millet","2018","2018","","","","",""
"QCL","Crops and livestock products","124","Canada","5510","Production","0118","Millet","2018","2018","","","","",""
"QCL","Crops and livestock products","124","Canada","5312","Area harvested","0118","Millet","2019","2019","","","","",""
"QCL","Crops and livestock products","124","Canada","5412","Yield","0118","Millet","2019","2019","","","","",""
"QCL","Crops and livestock products","124","Canada","5510","Production","0118","Millet","2019","2019","","","","",""
"QCL","Crops and livestock products","124","Canada","5312","Area harvested","0118","Millet","2020","2020","","","","",""
"QCL","Crops and livestock products","124","Canada","5412","Yield","0118","Millet","2020","2020","","","","",""
"QCL","Crops and livestock products","124","Canada","5510","Production","0118","Millet","2020","2020","","","","",""
"QCL","Crops and livestock products","124","Canada","5312","Area harvested","0118","Millet","2021","2021","","","","",""
"QCL","Crops and livestock products","124","Canada","5412","Yield","0118","Millet","2021","2021","","","","",""
"QCL","Crops and livestock products","124","Canada","5510","Production","0118","Millet","2021","2021","","","","",""
"QCL","Crops and livestock products","124","Canada","5312","Area harvested","0118","Millet","2022","2022","","","","",""
"QCL","Crops and livestock products","124","Canada","5412","Yield","0118","Millet","2022","2022","","","","",""
"QCL","Crops and livestock products","124","Canada","5510","Production","0118","Millet","2022","2022","","","","",""
"QCL","Crops and livestock products","124","Canada","5312","Area harvested","0118","Millet","2023","2023","","","","",""
"QCL","Crops and livestock products","124","Canada","5412","Yield","0118","Millet","2023","2023","","","","",""
"QCL","Crops and livestock products","124","Canada","5510","Production","0118","Millet","2023","2023","","","","",""
"QCL","Crops and livestock products","124","Canada","5312","Area harvested","0118","Millet","2024","2024","","","","",""
"QCL","Crops and livestock products","124","Canada","5412","Yield","0118","Millet","2024","2024","","","","",""
"QCL","Crops and livestock products","124","Canada","5510","Production","0118","Millet","2024","2024","","","","",""
"QCL","Crops and livestock products","124","Canada","5312","Area harvested","01510","Potatoes","2015","2015","ha","137556","A","Official figure",""
"QCL","Crops and livestock products","124","Canada","5412","Yield","01510","Potatoes","2015","2015","kg/ha","42708.7","A","Official figure",""
"QCL","Crops and livestock products","124","Canada","5510","Production","01510","Potatoes","2015","2015","t","5874839","A","Official figure",""
"QCL","Crops and livestock products","124","Canada","5312","Area harvested","01510","Potatoes","2016","2016","ha","137848","A","Official figure",""
"QCL","Crops and livestock products","124","Canada","5412","Yield","01510","Potatoes","2016","2016","kg/ha","38779.1","A","Official figure",""
"QCL","Crops and livestock products","124","Canada","5510","Production","01510","Potatoes","2016","2016","t","5345626","A","Official figure",""
"QCL","Crops and livestock products","124","Canada","5312","Area harvested","01510","Potatoes","2017","2017","ha","137621","A","Official figure",""
"QCL","Crops and livestock products","124","Canada","5412","Yield","01510","Potatoes","2017","2017","kg/ha","39378","A","Official figure",""
"QCL","Crops and livestock products","124","Canada","5510","Production","01510","Potatoes","2017","2017","t","5419238","A","Official figure",""
"QCL","Crops and livestock products","124","Canada","5312","Area harvested","01510","Potatoes","2018","2018","ha","133749","A","Official figure",""
"QCL","Crops and livestock products","124","Canada","5412","Yield","01510","Potatoes","2018","2018","kg/ha","38912.8","A","Official figure",""
"QCL","Crops and livestock products","124","Canada","5510","Production","01510","Potatoes","2018","2018","t","5204548","A","Official figure",""
"QCL","Crops and livestock products","124","Canada","5312","Area harvested","01510","Potatoes","2019","2019","ha","138339","A","Official figure",""
"QCL","Crops and livestock products","124","Canada","5412","Yield","01510","Potatoes","2019","2019","kg/ha","38775.5","A","Official figure",""
"QCL","Crops and livestock products","124","Canada","5510","Production","01510","Potatoes","2019","2019","t","5364169","A","Official figure",""
"QCL","Crops and livestock products","124","Canada","5312","Area harvested","01510","Potatoes","2020","2020","ha","143866","A","Official figure",""
"QCL","Crops and livestock products","124","Canada","5412","Yield","01510","Potatoes","2020","2020","kg/ha","36748","A","Official figure",""
"QCL","Crops and livestock products","124","Canada","5510","Production","01510","Potatoes","2020","2020","t","5286792","A","Official figure",""
"QCL","Crops and livestock products","124","Canada","5312","Area harvested","01510","Potatoes","2021","2021","ha","153782","A","Official figure",""
"QCL","Crops and livestock products","124","Canada","5412","Yield","01510","Potatoes","2021","2021","kg/ha","40009.4","A","Official figure",""
"QCL","Crops and livestock products","124","Canada","5510","Production","01510","Potatoes","2021","2021","t","6152723","A","Official figure",""
"QCL","Crops and livestock products","124","Canada","5312","Area harvested","01510","Potatoes","2022","2022","ha","153762","A","Official figure",""
"QCL","Crops and livestock products","124","Canada","5412","Yield","01510","Potatoes","2022","2022","kg/ha","40810.5","A","Official figure",""
"QCL","Crops and livestock products","124","Canada","5510","Production","01510","Potatoes","2022","2022","t","6275106","A","Official figure",""
"QCL","Crops and livestock products","124","Canada","5312","Area harvested","01510","Potatoes","2023","2023","ha","154452","A","Official figure",""
"QCL","Crops and livestock products","124","Canada","5412","Yield","01510","Potatoes","2023","2023","kg/ha","41639","A","Official figure",""
"QCL","Crops and livestock products","124","Canada","5510","Production","01510","Potatoes","2023","2023","t","6431221","A","Official figure",""
"QCL","Crops and livestock products","124","Canada","5312","Area harvested","01510","Potatoes","2024","2024","ha","156309","A","Official figure",""
"QCL","Crops and livestock products","124","Canada","5412","Yield","01510","Potatoes","2024","2024","kg/ha","41658.1","A","Official figure",""
"QCL","Crops and livestock products","124","Canada","5510","Production","01510","Potatoes","2024","2024","t","6511540","A","Official figure",""
"QCL","Crops and livestock products","124","Canada","5312","Area harvested","01443","Rape or colza seed","2015","2015","ha","8364400","A","Official figure",""
"QCL","Crops and livestock products","124","Canada","5412","Yield","01443","Rape or colza seed","2015","2015","kg/ha","2197","A","Official figure",""
"QCL","Crops and livestock products","124","Canada","5510","Production","01443","Rape or colza seed","2015","2015","t","18376500","A","Official figure",""
"QCL","Crops and livestock products","124","Canada","5312","Area harvested","01443","Rape or colza seed","2016","2016","ha","8263300","A","Official figure",""
"QCL","Crops and livestock products","124","Canada","5412","Yield","01443","Rape or colza seed","2016","2016","kg/ha","2371.8","A","Official figure",""
"QCL","Crops and livestock products","124","Canada","5510","Production","01443","Rape or colza seed","2016","2016","t","19599200","A","Official figure",""
"QCL","Crops and livestock products","124","Canada","5312","Area harvested","01443","Rape or colza seed","2017","2017","ha","9273100","A","Official figure",""
"QCL","Crops and livestock products","124","Canada","5412","Yield","01443","Rape or colza seed","2017","2017","kg/ha","2300","A","Official figure",""
"QCL","Crops and livestock products","124","Canada","5510","Production","01443","Rape or colza seed","2017","2017","t","21328100","A","Official figure",""
"QCL","Crops and livestock products","124","Canada","5312","Area harvested","01443","Rape or colza seed","2018","2018","ha","9119700","A","Official figure",""
"QCL","Crops and livestock products","124","Canada","5412","Yield","01443","Rape or colza seed","2018","2018","kg/ha","2272.4","A","Official figure",""
"QCL","Crops and livestock products","124","Canada","5510","Production","01443","Rape or colza seed","2018","2018","t","20723500","A","Official figure",""
"QCL","Crops and livestock products","124","Canada","5312","Area harvested","01443","Rape or colza seed","2019","2019","ha","8471300","A","Official figure",""
"QCL","Crops and livestock products","124","Canada","5412","Yield","01443","Rape or colza seed","2019","2019","kg/ha","2350.6","A","Official figure",""
"QCL","Crops and livestock products","124","Canada","5510","Production","01443","Rape or colza seed","2019","2019","t","19912300","A","Official figure",""
"QCL","Crops and livestock products","124","Canada","5312","Area harvested","01443","Rape or colza seed","2020","2020","ha","8325400","A","Official figure",""
"QCL","Crops and livestock products","124","Canada","5412","Yield","01443","Rape or colza seed","2020","2020","kg/ha","2340.4","A","Official figure",""
"QCL","Crops and livestock products","124","Canada","5510","Production","01443","Rape or colza seed","2020","2020","t","19484700","A","Official figure",""
"QCL","Crops and livestock products","124","Canada","5312","Area harvested","01443","Rape or colza seed","2021","2021","ha","8946200","A","Official figure",""
"QCL","Crops and livestock products","124","Canada","5412","Yield","01443","Rape or colza seed","2021","2021","kg/ha","1592.7","A","Official figure",""
"QCL","Crops and livestock products","124","Canada","5510","Production","01443","Rape or colza seed","2021","2021","t","14248281","A","Official figure",""
"QCL","Crops and livestock products","124","Canada","5312","Area harvested","01443","Rape or colza seed","2022","2022","ha","8596300","A","Official figure",""
"QCL","Crops and livestock products","124","Canada","5412","Yield","01443","Rape or colza seed","2022","2022","kg/ha","2192.8","A","Official figure",""
"QCL","Crops and livestock products","124","Canada","5510","Production","01443","Rape or colza seed","2022","2022","t","18849801","A","Official figure",""
"QCL","Crops and livestock products","124","Canada","5312","Area harvested","01443","Rape or colza seed","2023","2023","ha","8856600","A","Official figure",""
"QCL","Crops and livestock products","124","Canada","5412","Yield","01443","Rape or colza seed","2023","2023","kg/ha","2197.6","A","Official figure",""
"QCL","Crops and livestock products","124","Canada","5510","Production","01443","Rape or colza seed","2023","2023","t","19463562","A","Official figure",""
"QCL","Crops and livestock products","124","Canada","5312","Area harvested","01443","Rape or colza seed","2024","2024","ha","8845900","A","Official figure",""
"QCL","Crops and livestock products","124","Canada","5412","Yield","01443","Rape or colza seed","2024","2024","kg/ha","2175","A","Official figure",""
"QCL","Crops and livestock products","124","Canada","5510","Production","01443","Rape or colza seed","2024","2024","t","19239463","A","Official figure",""
"QCL","Crops and livestock products","124","Canada","5312","Area harvested","0113","Rice","2015","2015","","","","",""
"QCL","Crops and livestock products","124","Canada","5412","Yield","0113","Rice","2015","2015","","","","",""
"QCL","Crops and livestock products","124","Canada","5510","Production","0113","Rice","2015","2015","","","","",""
"QCL","Crops and livestock products","124","Canada","5312","Area harvested","0113","Rice","2016","2016","","","","",""
"QCL","Crops and livestock products","124","Canada","5412","Yield","0113","Rice","2016","2016","","","","",""
"QCL","Crops and livestock products","124","Canada","5510","Production","0113","Rice","2016","2016","","","","",""
"QCL","Crops and livestock products","124","Canada","5312","Area harvested","0113","Rice","2017","2017","","","","",""
"QCL","Crops and livestock products","124","Canada","5412","Yield","0113","Rice","2017","2017","","","","",""
"QCL","Crops and livestock products","124","Canada","5510","Production","0113","Rice","2017","2017","","","","",""
"QCL","Crops and livestock products","124","Canada","5312","Area harvested","0113","Rice","2018","2018","","","","",""
"QCL","Crops and livestock products","124","Canada","5412","Yield","0113","Rice","2018","2018","","","","",""
"QCL","Crops and livestock products","124","Canada","5510","Production","0113","Rice","2018","2018","","","","",""
"QCL","Crops and livestock products","124","Canada","5312","Area harvested","0113","Rice","2019","2019","","","","",""
"QCL","Crops and livestock products","124","Canada","5412","Yield","0113","Rice","2019","2019","","","","",""
"QCL","Crops and livestock products","124","Canada","5510","Production","0113","Rice","2019","2019","","","","",""
"QCL","Crops and livestock products","124","Canada","5312","Area harvested","0113","Rice","2020","2020","","","","",""
"QCL","Crops and livestock products","124","Canada","5412","Yield","0113","Rice","2020","2020","","","","",""
"QCL","Crops and livestock products","124","Canada","5510","Production","0113","Rice","2020","2020","","","","",""
"QCL","Crops and livestock products","124","Canada","5312","Area harvested","0113","Rice","2021","2021","","","","",""
"QCL","Crops and livestock products","124","Canada","5412","Yield","0113","Rice","2021","2021","","","","",""
"QCL","Crops and livestock products","124","Canada","5510","Production","0113","Rice","2021","2021","","","","",""
"QCL","Crops and livestock products","124","Canada","5312","Area harvested","0113","Rice","2022","2022","","","","",""
"QCL","Crops and livestock products","124","Canada","5412","Yield","0113","Rice","2022","2022","","","","",""
"QCL","Crops and livestock products","124","Canada","5510","Production","0113","Rice","2022","2022","","","","",""
"QCL","Crops and livestock products","124","Canada","5312","Area harvested","0113","Rice","2023","2023","","","","",""
"QCL","Crops and livestock products","124","Canada","5412","Yield","0113","Rice","2023","2023","","","","",""
"QCL","Crops and livestock products","124","Canada","5510","Production","0113","Rice","2023","2023","","","","",""
"QCL","Crops and livestock products","124","Canada","5312","Area harvested","0113","Rice","2024","2024","","","","",""
"QCL","Crops and livestock products","124","Canada","5412","Yield","0113","Rice","2024","2024","","","","",""
"QCL","Crops and livestock products","124","Canada","5510","Production","0113","Rice","2024","2024","","","","",""
"QCL","Crops and livestock products","124","Canada","5312","Area harvested","0111","Wheat","2015","2015","ha","9558300","A","Official figure",""
"QCL","Crops and livestock products","124","Canada","5412","Yield","0111","Wheat","2015","2015","kg/ha","2892.5","A","Official figure",""
"QCL","Crops and livestock products","124","Canada","5510","Production","0111","Wheat","2015","2015","t","27647400","A","Official figure",""
"QCL","Crops and livestock products","124","Canada","5312","Area harvested","0111","Wheat","2016","2016","ha","8976300","A","Official figure",""
"QCL","Crops and livestock products","124","Canada","5412","Yield","0111","Wheat","2016","2016","kg/ha","3580.5","A","Official figure",""
"QCL","Crops and livestock products","124","Canada","5510","Production","0111","Wheat","2016","2016","t","32139900","A","Official figure",""
"QCL","Crops and livestock products","124","Canada","5312","Area harvested","0111","Wheat","2017","2017","ha","8983300","A","Official figure",""
"QCL","Crops and livestock products","124","Canada","5412","Yield","0111","Wheat","2017","2017","kg/ha","3381.5","A","Official figure",""
"QCL","Crops and livestock products","124","Canada","5510","Production","0111","Wheat","2017","2017","t","30377235","A","Official figure",""
"QCL","Crops and livestock products","124","Canada","5312","Area harvested","0111","Wheat","2018","2018","ha","9880800","A","Official figure",""
"QCL","Crops and livestock products","124","Canada","5412","Yield","0111","Wheat","2018","2018","kg/ha","3274.2","A","Official figure",""
"QCL","Crops and livestock products","124","Canada","5510","Production","0111","Wheat","2018","2018","t","32351900","A","Official figure",""
"QCL","Crops and livestock products","124","Canada","5312","Area harvested","0111","Wheat","2019","2019","ha","9655800","A","Official figure",""
"QCL","Crops and livestock products","124","Canada","5412","Yield","0111","Wheat","2019","2019","kg/ha","3383.4","A","Official figure",""
"QCL","Crops and livestock products","124","Canada","5510","Production","0111","Wheat","2019","2019","t","32669800","A","Official figure",""
"QCL","Crops and livestock products","124","Canada","5312","Area harvested","0111","Wheat","2020","2020","ha","10017800","A","Official figure",""
"QCL","Crops and livestock products","124","Canada","5412","Yield","0111","Wheat","2020","2020","kg/ha","3537.4","A","Official figure",""
"QCL","Crops and livestock products","124","Canada","5510","Production","0111","Wheat","2020","2020","t","35437200","A","Official figure",""
"QCL","Crops and livestock products","124","Canada","5312","Area harvested","0111","Wheat","2021","2021","ha","9198900","A","Official figure",""
"QCL","Crops and livestock products","124","Canada","5412","Yield","0111","Wheat","2021","2021","kg/ha","2437.5","A","Official figure",""
"QCL","Crops and livestock products","124","Canada","5510","Production","0111","Wheat","2021","2021","t","22422100","A","Official figure",""
"QCL","Crops and livestock products","124","Canada","5312","Area harvested","0111","Wheat","2022","2022","ha","10110900","A","Official figure",""
"QCL","Crops and livestock products","124","Canada","5412","Yield","0111","Wheat","2022","2022","kg/ha","3449","A","Official figure",""
"QCL","Crops and livestock products","124","Canada","5510","Production","0111","Wheat","2022","2022","t","34872782","A","Official figure",""
"QCL","Crops and livestock products","124","Canada","5312","Area harvested","0111","Wheat","2023","2023","ha","10709200","A","Official figure",""
"QCL","Crops and livestock products","124","Canada","5412","Yield","0111","Wheat","2023","2023","kg/ha","3120.1","A","Official figure",""
"QCL","Crops and livestock products","124","Canada","5510","Production","0111","Wheat","2023","2023","t","33413600","A","Official figure",""
"QCL","Crops and livestock products","124","Canada","5312","Area harvested","0111","Wheat","2024","2024","ha","10652000","A","Official figure",""
"QCL","Crops and livestock products","124","Canada","5412","Yield","0111","Wheat","2024","2024","kg/ha","3373.9","A","Official figure",""
"QCL","Crops and livestock products","124","Canada","5510","Production","0111","Wheat","2024","2024","t","35938839","A","Official figure",""
"QCL","Crops and livestock products","159","China","5312","Area harvested","0115","Barley","2015","2015","ha","374510","A","Official figure",""
"QCL","Crops and livestock products","159","China","5412","Yield","0115","Barley","2015","2015","kg/ha","3768.7","A","Official figure",""
"QCL","Crops and livestock products","159","China","5510","Production","0115","Barley","2015","2015","t","1411400","A","Official figure",""
"QCL","Crops and livestock products","159","China","5312","Area harvested","0115","Barley","2016","2016","ha","360900","E","Estimated value",""
"QCL","Crops and livestock products","159","China","5412","Yield","0115","Barley","2016","2016","kg/ha","3304","E","Estimated value",""
"QCL","Crops and livestock products","159","China","5510","Production","0115","Barley","2016","2016","t","1192400","A","Official figure",""
"QCL","Crops and livestock products","159","China","5312","Area harvested","0115","Barley","2017","2017","ha","329990","A","Official figure",""
"QCL","Crops and livestock products","159","China","5412","Yield","0115","Barley","2017","2017","kg/ha","3288.6","A","Official figure",""
"QCL","Crops and livestock products","159","China","5510","Production","0115","Barley","2017","2017","t","1085200","A","Official figure",""
"QCL","Crops and livestock products","159","China","5312","Area harvested","0115","Barley","2018","2018","ha","262480","A","Official figure",""
"QCL","Crops and livestock products","159","China","5412","Yield","0115","Barley","2018","2018","kg/ha","3644.1","A","Official figure",""
"QCL","Crops and livestock products","159","China","5510","Production","0115","Barley","2018","2018","t","956500","A","Official figure",""
"QCL","Crops and livestock products","159","China","5312","Area harvested","0115","Barley","2019","2019","ha","253288","E","Estimated value",""
"QCL","Crops and livestock products","159","China","5412","Yield","0115","Barley","2019","2019","kg/ha","3854.7","E","Estimated value",""
"QCL","Crops and livestock products","159","China","5510","Production","0115","Barley","2019","2019","t","976361.24","E","Estimated value",""
"QCL","Crops and livestock products","159","China","5312","Area harvested","0115","Barley","2020","2020","ha","281919","E","Estimated value",""
"QCL","Crops and livestock products","159","China","5412","Yield","0115","Barley","2020","2020","kg/ha","3568.5","E","Estimated value",""
"QCL","Crops and livestock products","159","China","5510","Production","0115","Barley","2020","2020","t","1006020.41","E","Estimated value",""
"QCL","Crops and livestock products","159","China","5312","Area harvested","0115","Barley","2021","2021","ha","265896","E","Estimated value",""
"QCL","Crops and livestock products","159","China","5412","Yield","0115","Barley","2021","2021","kg/ha","3684.3","E","Estimated value",""
"QCL","Crops and livestock products","159","China","5510","Production","0115","Barley","2021","2021","t","979627.22","E","Estimated value",""
"QCL","Crops and livestock products","159","China","5312","Area harvested","0115","Barley","2022","2022","ha","267035","E","Estimated value",""
"QCL","Crops and livestock products","159","China","5412","Yield","0115","Barley","2022","2022","kg/ha","3697.4","E","Estimated value",""
"QCL","Crops and livestock products","159","China","5510","Production","0115","Barley","2022","2022","t","987336.29","E","Estimated value",""
"QCL","Crops and livestock products","159","China","5312","Area harvested","0115","Barley","2023","2023","ha","271617","E","Estimated value",""
"QCL","Crops and livestock products","159","China","5412","Yield","0115","Barley","2023","2023","kg/ha","3648.5","E","Estimated value",""
"QCL","Crops and livestock products","159","China","5510","Production","0115","Barley","2023","2023","t","990994.64","E","Estimated value",""
"QCL","Crops and livestock products","159","China","5312","Area harvested","0115","Barley","2024","2024","ha","268182","E","Estimated value",""
"QCL","Crops and livestock products","159","China","5412","Yield","0115","Barley","2024","2024","kg/ha","3676.5","E","Estimated value",""
"QCL","Crops and livestock products","159","China","5510","Production","0115","Barley","2024","2024","t","985986.05","E","Estimated value",""
"QCL","Crops and livestock products","159","China","5312","Area harvested","0112","Maize (corn)","2015","2015","ha","44995748","A","Official figure",""
"QCL","Crops and livestock products","159","China","5412","Yield","0112","Maize (corn)","2015","2015","kg/ha","5892.9","A","Official figure",""
"QCL","Crops and livestock products","159","China","5510","Production","0112","Maize (corn)","2015","2015","t","265157307","A","Official figure",""
"QCL","Crops and livestock products","159","China","5312","Area harvested","0112","Maize (corn)","2016","2016","ha","44208341","A","Official figure",""
"QCL","Crops and livestock products","159","China","5412","Yield","0112","Maize (corn)","2016","2016","kg/ha","5966.7","A","Official figure",""
"QCL","Crops and livestock products","159","China","5510","Production","0112","Maize (corn)","2016","2016","t","263777750","A","Official figure",""
"QCL","Crops and livestock products","159","China","5312","Area harvested","0112","Maize (corn)","2017","2017","ha","42429378","A","Official figure",""
"QCL","Crops and livestock products","159","China","5412","Yield","0112","Maize (corn)","2017","2017","kg/ha","6110.3","A","Official figure",""
"QCL","Crops and livestock products","159","China","5510","Production","0112","Maize (corn)","2017","2017","t","259256299","A","Official figure",""
"QCL","Crops and livestock products","159","China","5312","Area harvested","0112","Maize (corn)","2018","2018","ha","42158995","A","Official figure",""
"QCL","Crops and livestock products","159","China","5412","Yield","0112","Maize (corn)","2018","2018","kg/ha","6104.2","A","Official figure",""
"QCL","Crops and livestock products","159","China","5510","Production","0112","Maize (corn)","2018","2018","t","257348659","A","Official figure",""
"QCL","Crops and livestock products","159","China","5312","Area harvested","0112","Maize (corn)","2019","2019","ha","41309740","A","Official figure",""
"QCL","Crops and livestock products","159","China","5412","Yield","0112","Maize (corn)","2019","2019","kg/ha","6317.1","A","Official figure",""
"QCL","Crops and livestock products","159","China","5510","Production","0112","Maize (corn)","2019","2019","t","260957662","A","Official figure",""
"QCL","Crops and livestock products","159","China","5312","Area harvested","0112","Maize (corn)","2020","2020","ha","41292000","A","Official figure",""
"QCL","Crops and livestock products","159","China","5412","Yield","0112","Maize (corn)","2020","2020","kg/ha","6317.8","A","Official figure",""
"QCL","Crops and livestock products","159","China","5510","Production","0112","Maize (corn)","2020","2020","t","260876476.33","A","Official figure",""
"QCL","Crops and livestock products","159","China","5312","Area harvested","0112","Maize (corn)","2021","2021","ha","43355859","A","Official figure",""
"QCL","Crops and livestock products","159","China","5412","Yield","0112","Maize (corn)","2021","2021","kg/ha","6291.2","A","Official figure",""
"QCL","Crops and livestock products","159","China","5510","Production","0112","Maize (corn)","2021","2021","t","272762124","A","Official figure",""
"QCL","Crops and livestock products","159","China","5312","Area harvested","0112","Maize (corn)","2022","2022","ha","43105153","A","Official figure",""
"QCL","Crops and livestock products","159","China","5412","Yield","0112","Maize (corn)","2022","2022","kg/ha","6436.1","A","Official figure",""
"QCL","Crops and livestock products","159","China","5510","Production","0112","Maize (corn)","2022","2022","t","277430136","A","Official figure",""
"QCL","Crops and livestock products","159","China","5312","Area harvested","0112","Maize (corn)","2023","2023","ha","44255930","A","Official figure",""
"QCL","Crops and livestock products","159","China","5412","Yield","0112","Maize (corn)","2023","2023","kg/ha","6531.7","A","Official figure",""
"QCL","Crops and livestock products","159","China","5510","Production","0112","Maize (corn)","2023","2023","t","289065681","A","Official figure",""
"QCL","Crops and livestock products","159","China","5312","Area harvested","0112","Maize (corn)","2024","2024","ha","44777349","A","Official figure",""
"QCL","Crops and livestock products","159","China","5412","Yield","0112","Maize (corn)","2024","2024","kg/ha","6591.3","A","Official figure",""
"QCL","Crops and livestock products","159","China","5510","Production","0112","Maize (corn)","2024","2024","t","295140069.93","A","Official figure",""
"QCL","Crops and livestock products","159","China","5312","Area harvested","0118","Millet","2015","2015","ha","839698","A","Official figure",""
"QCL","Crops and livestock products","159","China","5412","Yield","0118","Millet","2015","2015","kg/ha","2341.9","A","Official figure",""
"QCL","Crops and livestock products","159","China","5510","Production","0118","Millet","2015","2015","t","1966479.04","A","Official figure",""
"QCL","Crops and livestock products","159","China","5312","Area harvested","0118","Millet","2016","2016","ha","551890","E","Estimated value",""
"QCL","Crops and livestock products","159","China","5412","Yield","0118","Millet","2016","2016","kg/ha","2526.9","E","Estimated value",""
"QCL","Crops and livestock products","159","China","5510","Production","0118","Millet","2016","2016","t","1394596.9","E","Estimated value",""
"QCL","Crops and livestock products","159","China","5312","Area harvested","0118","Millet","2017","2017","ha","861312","A","Official figure",""
"QCL","Crops and livestock products","159","China","5412","Yield","0118","Millet","2017","2017","kg/ha","2958.7","A","Official figure",""
"QCL","Crops and livestock products","159","China","5510","Production","0118","Millet","2017","2017","t","2548400.15","A","Official figure",""
"QCL","Crops and livestock products","159","China","5312","Area harvested","0118","Millet","2018","2018","ha","778495","A","Official figure",""
"QCL","Crops and livestock products","159","China","5412","Yield","0118","Millet","2018","2018","kg/ha","3008.7","A","Official figure",""
"QCL","Crops and livestock products","159","China","5510","Production","0118","Millet","2018","2018","t","2342286.91","A","Official figure",""
"QCL","Crops and livestock products","159","China","5312","Area harvested","0118","Millet","2019","2019","ha","830906","A","Official figure",""
"QCL","Crops and livestock products","159","China","5412","Yield","0118","Millet","2019","2019","kg/ha","3139.1","A","Official figure",""
"QCL","Crops and livestock products","159","China","5510","Production","0118","Millet","2019","2019","t","2608286.99","A","Official figure",""
"QCL","Crops and livestock products","159","China","5312","Area harvested","0118","Millet","2020","2020","ha","906064","A","Official figure",""
"QCL","Crops and livestock products","159","China","5412","Yield","0118","Millet","2020","2020","kg/ha","2877.5","A","Official figure",""
"QCL","Crops and livestock products","159","China","5510","Production","0118","Millet","2020","2020","t","2607154.67","A","Official figure",""
"QCL","Crops and livestock products","159","China","5312","Area harvested","0118","Millet","2021","2021","ha","928838","A","Official figure",""
"QCL","Crops and livestock products","159","China","5412","Yield","0118","Millet","2021","2021","kg/ha","3108.1","A","Official figure",""
"QCL","Crops and livestock products","159","China","5510","Production","0118","Millet","2021","2021","t","2886907.62","A","Official figure",""
"QCL","Crops and livestock products","159","China","5312","Area harvested","0118","Millet","2022","2022","ha","840079","A","Official figure",""
"QCL","Crops and livestock products","159","China","5412","Yield","0118","Millet","2022","2022","kg/ha","3117.1","A","Official figure",""
"QCL","Crops and livestock products","159","China","5510","Production","0118","Millet","2022","2022","t","2618607.05","A","Official figure",""
"QCL","Crops and livestock products","159","China","5312","Area harvested","0118","Millet","2023","2023","ha","853870","E","Estimated value",""
"QCL","Crops and livestock products","159","China","5412","Yield","0118","Millet","2023","2023","kg/ha","3087.5","E","Estimated value",""
"QCL","Crops and livestock products","159","China","5510","Production","0118","Millet","2023","2023","t","2636294.5","E","Estimated value",""
"QCL","Crops and livestock products","159","China","5312","Area harvested","0118","Millet","2024","2024","ha","884639","E","Estimated value",""
"QCL","Crops and livestock products","159","China","5412","Yield","0118","Millet","2024","2024","kg/ha","3147.3","E","Estimated value",""
"QCL","Crops and livestock products","159","China","5510","Production","0118","Millet","2024","2024","t","2784245.96","E","Estimated value",""
"QCL","Crops and livestock products","159","China","5312","Area harvested","01510","Potatoes","2015","2015","ha","4788098","A","Official figure",""
"QCL","Crops and livestock products","159","China","5412","Yield","01510","Potatoes","2015","2015","kg/ha","17312.3","E","Estimated value",""
"QCL","Crops and livestock products","159","China","5510","Production","01510","Potatoes","2015","2015","t","82893206.97","E","Estimated value",""
"QCL","Crops and livestock products","159","China","5312","Area harvested","01510","Potatoes","2016","2016","ha","4805124","A","Official figure",""
"QCL","Crops and livestock products","159","China","5412","Yield","01510","Potatoes","2016","2016","kg/ha","17686.6","E","Estimated value",""
"QCL","Crops and livestock products","159","China","5510","Production","01510","Potatoes","2016","2016","t","84986523","E","Estimated value",""
"QCL","Crops and livestock products","159","China","5312","Area harvested","01510","Potatoes","2017","2017","ha","4862361","A","Official figure",""
"QCL","Crops and livestock products","159","China","5412","Yield","01510","Potatoes","2017","2017","kg/ha","18208.5","E","Estimated value",""
"QCL","Crops and livestock products","159","China","5510","Production","01510","Potatoes","2017","2017","t","88536429","E","Estimated value",""
"QCL","Crops and livestock products","159","China","5312","Area harvested","01510","Potatoes","2018","2018","ha","4760724","A","Official figure",""
"QCL","Crops and livestock products","159","China","5412","Yield","01510","Potatoes","2018","2018","kg/ha","18972.2","E","Estimated value",""
"QCL","Crops and livestock products","159","China","5510","Production","01510","Potatoes","2018","2018","t","90321442","E","Estimated value",""
"QCL","Crops and livestock products","159","China","5312","Area harvested","01510","Potatoes","2019","2019","ha","4038885","A","Official figure",""
"QCL","Crops and livestock products","159","China","5412","Yield","01510","Potatoes","2019","2019","kg/ha","22175","E","Estimated value",""
"QCL","Crops and livestock products","159","China","5510","Production","01510","Potatoes","2019","2019","t","89562447","E","Estimated value",""
"QCL","Crops and livestock products","159","China","5312","Area harvested","01510","Potatoes","2020","2020","ha","4675654","A","Official figure",""
"QCL","Crops and livestock products","159","China","5412","Yield","01510","Potatoes","2020","2020","kg/ha","19858.8","E","Estimated value",""
"QCL","Crops and livestock products","159","China","5510","Production","01510","Potatoes","2020","2020","t","92852722.05","E","Estimated value",""
"QCL","Crops and livestock products","159","China","5312","Area harvested","01510","Potatoes","2021","2021","ha","4635238","A","Official figure",""
"QCL","Crops and livestock products","159","China","5412","Yield","01510","Potatoes","2021","2021","kg/ha","20368.4","E","Estimated value",""
"QCL","Crops and livestock products","159","China","5510","Production","01510","Potatoes","2021","2021","t","94412175","E","Estimated value",""
"QCL","Crops and livestock products","159","China","5312","Area harvested","01510","Potatoes","2022","2022","ha","4537542","A","Official figure",""
"QCL","Crops and livestock products","159","China","5412","Yield","01510","Potatoes","2022","2022","kg/ha","20354.7","E","Estimated value",""
"QCL","Crops and livestock products","159","China","5510","Production","01510","Potatoes","2022","2022","t","92360428","E","Estimated value",""
"QCL","Crops and livestock products","159","China","5312","Area harvested","01510","Potatoes","2023","2023","ha","4574952","E","Estimated value",""
"QCL","Crops and livestock products","159","China","5412","Yield","01510","Potatoes","2023","2023","kg/ha","20435.6","E","Estimated value",""
"QCL","Crops and livestock products","159","China","5510","Production","01510","Potatoes","2023","2023","t","93492106","E","Estimated value",""
"QCL","Crops and livestock products","159","China","5312","Area harvested","01510","Potatoes","2024","2024","ha","4559701","E","Estimated value",""
"QCL","Crops and livestock products","159","China","5412","Yield","01510","Potatoes","2024","2024","kg/ha","20805.9","E","Estimated value",""
"QCL","Crops and livestock products","159","China","5510","Production","01510","Potatoes","2024","2024","t","94868769","E","Estimated value",""
"QCL","Crops and livestock products","159","China","5312","Area harvested","01443","Rape or colza seed","2015","2015","ha","7028007","A","Official figure",""
"QCL","Crops and livestock products","159","China","5412","Yield","01443","Rape or colza seed","2015","2015","kg/ha","1972","A","Official figure",""
"QCL","Crops and livestock products","159","China","5510","Production","01443","Rape or colza seed","2015","2015","t","13859007.48","A","Official figure",""
"QCL","Crops and livestock products","159","China","5312","Area harvested","01443","Rape or colza seed","2016","2016","ha","6623007","A","Official figure",""
"QCL","Crops and livestock products","159","China","5412","Yield","01443","Rape or colza seed","2016","2016","kg/ha","1982.2","A","Official figure",""
"QCL","Crops and livestock products","159","China","5510","Production","01443","Rape or colza seed","2016","2016","t","13128008.42","A","Official figure",""
"QCL","Crops and livestock products","159","China","5312","Area harvested","01443","Rape or colza seed","2017","2017","ha","6653017","A","Official figure",""
"QCL","Crops and livestock products","159","China","5412","Yield","01443","Rape or colza seed","2017","2017","kg/ha","1995.2","A","Official figure",""
"QCL","Crops and livestock products","159","China","5510","Production","01443","Rape or colza seed","2017","2017","t","13274107.85","A","Official figure",""
"QCL","Crops and livestock products","159","China","5312","Area harvested","01443","Rape or colza seed","2018","2018","ha","6550617","A","Official figure",""
"QCL","Crops and livestock products","159","China","5412","Yield","01443","Rape or colza seed","2018","2018","kg/ha","2027.5","A","Official figure",""
"QCL","Crops and livestock products","159","China","5510","Production","01443","Rape or colza seed","2018","2018","t","13281207.91","A","Official figure",""
"QCL","Crops and livestock products","159","China","5312","Area harvested","01443","Rape or colza seed","2019","2019","ha","6583097","A","Official figure",""
"QCL","Crops and livestock products","159","China","5412","Yield","01443","Rape or colza seed","2019","2019","kg/ha","2048.4","A","Official figure",""
"QCL","Crops and livestock products","159","China","5510","Production","01443","Rape or colza seed","2019","2019","t","13484708.06","A","Official figure",""
"QCL","Crops and livestock products","159","China","5312","Area harvested","01443","Rape or colza seed","2020","2020","ha","6764727","A","Official figure",""
"QCL","Crops and livestock products","159","China","5412","Yield","01443","Rape or colza seed","2020","2020","kg/ha","2076.8","A","Official figure",""
"QCL","Crops and livestock products","159","China","5510","Production","01443","Rape or colza seed","2020","2020","t","14049107.94","A","Official figure",""
"QCL","Crops and livestock products","159","China","5312","Area harvested","01443","Rape or colza seed","2021","2021","ha","6991577","A","Official figure",""
"QCL","Crops and livestock products","159","China","5412","Yield","01443","Rape or colza seed","2021","2021","kg/ha","2104.5","A","Official figure",""
"QCL","Crops and livestock products","159","China","5510","Production","01443","Rape or colza seed","2021","2021","t","14713507.97","A","Official figure",""
"QCL","Crops and livestock products","159","China","5312","Area harvested","01443","Rape or colza seed","2022","2022","ha","7253477","A","Official figure",""
"QCL","Crops and livestock products","159","China","5412","Yield","01443","Rape or colza seed","2022","2022","kg/ha","2141.2","A","Official figure",""
"QCL","Crops and livestock products","159","China","5510","Production","01443","Rape or colza seed","2022","2022","t","15531407.99","A","Official figure",""
"QCL","Crops and livestock products","159","China","5312","Area harvested","01443","Rape or colza seed","2023","2023","ha","7804557","A","Official figure",""
"QCL","Crops and livestock products","159","China","5412","Yield","01443","Rape or colza seed","2023","2023","kg/ha","2090.8","A","Official figure",""
"QCL","Crops and livestock products","159","China","5510","Production","01443","Rape or colza seed","2023","2023","t","16317407.97","A","Official figure",""
"QCL","Crops and livestock products","159","China","5312","Area harvested","01443","Rape or colza seed","2024","2024","ha","7904328","E","Estimated value",""
"QCL","Crops and livestock products","159","China","5412","Yield","01443","Rape or colza seed","2024","2024","kg/ha","2134.1","E","Estimated value",""
"QCL","Crops and livestock products","159","China","5510","Production","01443","Rape or colza seed","2024","2024","t","16868907.98","A","Official figure",""
"QCL","Crops and livestock products","159","China","5312","Area harvested","0113","Rice","2015","2015","ha","31035861","A","Official figure",""
"QCL","Crops and livestock products","159","China","5412","Yield","0113","Rice","2015","2015","kg/ha","6886.3","A","Official figure",""
"QCL","Crops and livestock products","159","China","5510","Production","0113","Rice","2015","2015","t","213723732","A","Official figure",""
"QCL","Crops and livestock products","159","China","5312","Area harvested","0113","Rice","2016","2016","ha","31019837","A","Official figure",""
"QCL","Crops and livestock products","159","China","5412","Yield","0113","Rice","2016","2016","kg/ha","6856.3","A","Official figure",""
"QCL","Crops and livestock products","159","China","5510","Production","0113","Rice","2016","2016","t","212681776","A","Official figure",""
"QCL","Crops and livestock products","159","China","5312","Area harvested","0113","Rice","2017","2017","ha","31021867","A","Official figure",""
"QCL","Crops and livestock products","159","China","5412","Yield","0113","Rice","2017","2017","kg/ha","6912.2","A","Official figure",""
"QCL","Crops and livestock products","159","China","5510","Production","0113","Rice","2017","2017","t","214429949","A","Official figure",""
"QCL","Crops and livestock products","159","China","5312","Area harvested","0113","Rice","2018","2018","ha","30460956","A","Official figure",""
"QCL","Crops and livestock products","159","China","5412","Yield","0113","Rice","2018","2018","kg/ha","7028","A","Official figure",""
"QCL","Crops and livestock products","159","China","5510","Production","0113","Rice","2018","2018","t","214078796","A","Official figure",""
"QCL","Crops and livestock products","159","China","5312","Area harvested","0113","Rice","2019","2019","ha","29960066","A","Official figure",""
"QCL","Crops and livestock products","159","China","5412","Yield","0113","Rice","2019","2019","kg/ha","7056.2","A","Official figure",""
"QCL","Crops and livestock products","159","China","5510","Production","0113","Rice","2019","2019","t","211405211","A","Official figure",""
"QCL","Crops and livestock products","159","China","5312","Area harvested","0113","Rice","2020","2020","ha","30341784","A","Official figure",""
"QCL","Crops and livestock products","159","China","5412","Yield","0113","Rice","2020","2020","kg/ha","7040.2","A","Official figure",""
"QCL","Crops and livestock products","159","China","5510","Production","0113","Rice","2020","2020","t","213610729","A","Official figure",""
"QCL","Crops and livestock products","159","China","5312","Area harvested","0113","Rice","2021","2021","ha","30145222","A","Official figure",""
"QCL","Crops and livestock products","159","China","5412","Yield","0113","Rice","2021","2021","kg/ha","7112.4","A","Official figure",""
"QCL","Crops and livestock products","159","China","5510","Production","0113","Rice","2021","2021","t","214403870","A","Official figure",""
"QCL","Crops and livestock products","159","China","5312","Area harvested","0113","Rice","2022","2022","ha","29688701","A","Official figure",""
"QCL","Crops and livestock products","159","China","5412","Yield","0113","Rice","2022","2022","kg/ha","7075.8","A","Official figure",""
"QCL","Crops and livestock products","159","China","5510","Production","0113","Rice","2022","2022","t","210070577","A","Official figure",""
"QCL","Crops and livestock products","159","China","5312","Area harvested","0113","Rice","2023","2023","ha","29171513","A","Official figure",""
"QCL","Crops and livestock products","159","China","5412","Yield","0113","Rice","2023","2023","kg/ha","7132.4","A","Official figure",""
"QCL","Crops and livestock products","159","China","5510","Production","0113","Rice","2023","2023","t","208063574","A","Official figure",""
"QCL","Crops and livestock products","159","China","5312","Area harvested","0113","Rice","2024","2024","ha","29256900","A","Official figure",""
"QCL","Crops and livestock products","159","China","5412","Yield","0113","Rice","2024","2024","kg/ha","7149.5","A","Official figure",""
"QCL","Crops and livestock products","159","China","5510","Production","0113","Rice","2024","2024","t","209173000","A","Official figure",""
"QCL","Crops and livestock products","159","China","5312","Area harvested","0111","Wheat","2015","2015","ha","24599116","A","Official figure",""
"QCL","Crops and livestock products","159","China","5412","Yield","0111","Wheat","2015","2015","kg/ha","5392.3","A","Official figure",""
"QCL","Crops and livestock products","159","China","5510","Production","0111","Wheat","2015","2015","t","132646335","A","Official figure",""
"QCL","Crops and livestock products","159","China","5312","Area harvested","0111","Wheat","2016","2016","ha","24698345","A","Official figure",""
"QCL","Crops and livestock products","159","China","5412","Yield","0111","Wheat","2016","2016","kg/ha","5396.1","A","Official figure",""
"QCL","Crops and livestock products","159","China","5510","Production","0111","Wheat","2016","2016","t","133274638","A","Official figure",""
"QCL","Crops and livestock products","159","China","5312","Area harvested","0111","Wheat","2017","2017","ha","24480542","A","Official figure",""
"QCL","Crops and livestock products","159","China","5412","Yield","0111","Wheat","2017","2017","kg/ha","5483.8","A","Official figure",""
"QCL","Crops and livestock products","159","China","5510","Production","0111","Wheat","2017","2017","t","134246679","A","Official figure",""
"QCL","Crops and livestock products","159","China","5312","Area harvested","0111","Wheat","2018","2018","ha","24268721","A","Official figure",""
"QCL","Crops and livestock products","159","China","5412","Yield","0111","Wheat","2018","2018","kg/ha","5416.3","A","Official figure",""
"QCL","Crops and livestock products","159","China","5510","Production","0111","Wheat","2018","2018","t","131446596","A","Official figure",""
"QCL","Crops and livestock products","159","China","5312","Area harvested","0111","Wheat","2019","2019","ha","23732560","A","Official figure",""
"QCL","Crops and livestock products","159","China","5412","Yield","0111","Wheat","2019","2019","kg/ha","5629.4","A","Official figure",""
"QCL","Crops and livestock products","159","China","5510","Production","0111","Wheat","2019","2019","t","133601131","A","Official figure",""
"QCL","Crops and livestock products","159","China","5312","Area harvested","0111","Wheat","2020","2020","ha","23383000","A","Official figure",""
"QCL","Crops and livestock products","159","China","5412","Yield","0111","Wheat","2020","2020","kg/ha","5741.6","A","Official figure",""
"QCL","Crops and livestock products","159","China","5510","Production","0111","Wheat","2020","2020","t","134256000","A","Official figure",""
"QCL","Crops and livestock products","159","China","5312","Area harvested","0111","Wheat","2021","2021","ha","23570400","A","Official figure",""
"QCL","Crops and livestock products","159","China","5412","Yield","0111","Wheat","2021","2021","kg/ha","5810.2","A","Official figure",""
"QCL","Crops and livestock products","159","China","5510","Production","0111","Wheat","2021","2021","t","136949000","A","Official figure",""
"QCL","Crops and livestock products","159","China","5312","Area harvested","0111","Wheat","2022","2022","ha","23522000","A","Official figure",""
"QCL","Crops and livestock products","159","China","5412","Yield","0111","Wheat","2022","2022","kg/ha","5855.2","A","Official figure",""
"QCL","Crops and livestock products","159","China","5510","Production","0111","Wheat","2022","2022","t","137726000","A","Official figure",""
"QCL","Crops and livestock products","159","China","5312","Area harvested","0111","Wheat","2023","2023","ha","23629200","A","Official figure",""
"QCL","Crops and livestock products","159","China","5412","Yield","0111","Wheat","2023","2023","kg/ha","5780.7","A","Official figure",""
"QCL","Crops and livestock products","159","China","5510","Production","0111","Wheat","2023","2023","t","136594100","A","Official figure",""
"QCL","Crops and livestock products","159","China","5312","Area harvested","0111","Wheat","2024","2024","ha","23589400","A","Official figure",""
"QCL","Crops and livestock products","159","China","5412","Yield","0111","Wheat","2024","2024","kg/ha","5939.3","A","Official figure",""
"QCL","Crops and livestock products","159","China","5510","Production","0111","Wheat","2024","2024","t","140105000","A","Official figure",""
"QCL","Crops and livestock products","356","India","5312","Area harvested","0115","Barley","2015","2015","ha","707000","A","Official figure",""
"QCL","Crops and livestock products","356","India","5412","Yield","0115","Barley","2015","2015","kg/ha","2281.5","A","Official figure",""
"QCL","Crops and livestock products","356","India","5510","Production","0115","Barley","2015","2015","t","1613000","A","Official figure",""
"QCL","Crops and livestock products","356","India","5312","Area harvested","0115","Barley","2016","2016","ha","590000","A","Official figure",""
"QCL","Crops and livestock products","356","India","5412","Yield","0115","Barley","2016","2016","kg/ha","2440.7","A","Official figure",""
"QCL","Crops and livestock products","356","India","5510","Production","0115","Barley","2016","2016","t","1440000","A","Official figure",""
"QCL","Crops and livestock products","356","India","5312","Area harvested","0115","Barley","2017","2017","ha","656250","A","Official figure",""
"QCL","Crops and livestock products","356","India","5412","Yield","0115","Barley","2017","2017","kg/ha","2662.8","A","Official figure",""
"QCL","Crops and livestock products","356","India","5510","Production","0115","Barley","2017","2017","t","1747450","A","Official figure",""
"QCL","Crops and livestock products","356","India","5312","Area harvested","0115","Barley","2018","2018","ha","660800","A","Official figure",""
"QCL","Crops and livestock products","356","India","5412","Yield","0115","Barley","2018","2018","kg/ha","2694.9","A","Official figure",""
"QCL","Crops and livestock products","356","India","5510","Production","0115","Barley","2018","2018","t","1780810","A","Official figure",""
"QCL","Crops and livestock products","356","India","5312","Area harvested","0115","Barley","2019","2019","ha","575600","A","Official figure",""
"QCL","Crops and livestock products","356","India","5412","Yield","0115","Barley","2019","2019","kg/ha","2837.2","A","Official figure",""
"QCL","Crops and livestock products","356","India","5510","Production","0115","Barley","2019","2019","t","1633070","A","Official figure",""
"QCL","Crops and livestock products","356","India","5312","Area harvested","0115","Barley","2020","2020","ha","589570","A","Official figure",""
"QCL","Crops and livestock products","356","India","5412","Yield","0115","Barley","2020","2020","kg/ha","2920.5","A","Official figure",""
"QCL","Crops and livestock products","356","India","5510","Production","0115","Barley","2020","2020","t","1721830","A","Official figure",""
"QCL","Crops and livestock products","356","India","5312","Area harvested","0115","Barley","2021","2021","ha","592470","A","Official figure",""
"QCL","Crops and livestock products","356","India","5412","Yield","0115","Barley","2021","2021","kg/ha","2795.7","A","Official figure",""
"QCL","Crops and livestock products","356","India","5510","Production","0115","Barley","2021","2021","t","1656340","A","Official figure",""
"QCL","Crops and livestock products","356","India","5312","Area harvested","0115","Barley","2022","2022","ha","453320","A","Official figure",""
"QCL","Crops and livestock products","356","India","5412","Yield","0115","Barley","2022","2022","kg/ha","3025.1","A","Official figure",""
"QCL","Crops and livestock products","356","India","5510","Production","0115","Barley","2022","2022","t","1371360","A","Official figure",""
"QCL","Crops and livestock products","356","India","5312","Area harvested","0115","Barley","2023","2023","ha","628325","A","Official figure",""
"QCL","Crops and livestock products","356","India","5412","Yield","0115","Barley","2023","2023","kg/ha","3044.5","A","Official figure",""
"QCL","Crops and livestock products","356","India","5510","Production","0115","Barley","2023","2023","t","1912919.44","A","Official figure",""
"QCL","Crops and livestock products","356","India","5312","Area harvested","0115","Barley","2024","2024","ha","551317","A","Official figure",""
"QCL","Crops and livestock products","356","India","5412","Yield","0115","Barley","2024","2024","kg/ha","3082.1","A","Official figure",""
"QCL","Crops and livestock products","356","India","5510","Production","0115","Barley","2024","2024","t","1699235.48","A","Official figure",""
"QCL","Crops and livestock products","356","India","5312","Area harvested","0112","Maize (corn)","2015","2015","ha","8801813","A","Official figure",""
"QCL","Crops and livestock products","356","India","5412","Yield","0112","Maize (corn)","2015","2015","kg/ha","2637.2","A","Official figure",""
"QCL","Crops and livestock products","356","India","5510","Production","0112","Maize (corn)","2015","2015","t","23212166.9","A","Official figure",""
"QCL","Crops and livestock products","356","India","5312","Area harvested","0112","Maize (corn)","2016","2016","ha","9467938","A","Official figure",""
"QCL","Crops and livestock products","356","India","5412","Yield","0112","Maize (corn)","2016","2016","kg/ha","2686.3","A","Official figure",""
"QCL","Crops and livestock products","356","India","5510","Production","0112","Maize (corn)","2016","2016","t","25433487.4","A","Official figure",""
"QCL","Crops and livestock products","356","India","5312","Area harvested","0112","Maize (corn)","2017","2017","ha","9225196","A","Official figure",""
"QCL","Crops and livestock products","356","India","5412","Yield","0112","Maize (corn)","2017","2017","kg/ha","2937.5","A","Official figure",""
"QCL","Crops and livestock products","356","India","5510","Production","0112","Maize (corn)","2017","2017","t","27099085.11","A","Official figure",""
"QCL","Crops and livestock products","356","India","5312","Area harvested","0112","Maize (corn)","2018","2018","ha","9276951","A","Official figure",""
"QCL","Crops and livestock products","356","India","5412","Yield","0112","Maize (corn)","2018","2018","kg/ha","3023.4","A","Official figure",""
"QCL","Crops and livestock products","356","India","5510","Production","0112","Maize (corn)","2018","2018","t","28048097.7","A","Official figure",""
"QCL","Crops and livestock products","356","India","5312","Area harvested","0112","Maize (corn)","2019","2019","ha","9249478","A","Official figure",""
"QCL","Crops and livestock products","356","India","5412","Yield","0112","Maize (corn)","2019","2019","kg/ha","2998.1","A","Official figure",""
"QCL","Crops and livestock products","356","India","5510","Production","0112","Maize (corn)","2019","2019","t","27730830.78","A","Official figure",""
"QCL","Crops and livestock products","356","India","5312","Area harvested","0112","Maize (corn)","2020","2020","ha","9771598","A","Official figure",""
"QCL","Crops and livestock products","356","India","5412","Yield","0112","Maize (corn)","2020","2020","kg/ha","3161.4","A","Official figure",""
"QCL","Crops and livestock products","356","India","5510","Production","0112","Maize (corn)","2020","2020","t","30891725.28","A","Official figure",""
"QCL","Crops and livestock products","356","India","5312","Area harvested","0112","Maize (corn)","2021","2021","ha","9921097","A","Official figure",""
"QCL","Crops and livestock products","356","India","5412","Yield","0112","Maize (corn)","2021","2021","kg/ha","3303.3","A","Official figure",""
"QCL","Crops and livestock products","356","India","5510","Production","0112","Maize (corn)","2021","2021","t","32772407.24","A","Official figure",""
"QCL","Crops and livestock products","356","India","5312","Area harvested","0112","Maize (corn)","2022","2022","ha","10226318","A","Official figure",""
"QCL","Crops and livestock products","356","India","5412","Yield","0112","Maize (corn)","2022","2022","kg/ha","3395.4","A","Official figure",""
"QCL","Crops and livestock products","356","India","5510","Production","0112","Maize (corn)","2022","2022","t","34722657.26","A","Official figure",""
"QCL","Crops and livestock products","356","India","5312","Area harvested","0112","Maize (corn)","2023","2023","ha","11019656","A","Official figure",""
"QCL","Crops and livestock products","356","India","5412","Yield","0112","Maize (corn)","2023","2023","kg/ha","3326.5","A","Official figure",""
"QCL","Crops and livestock products","356","India","5510","Production","0112","Maize (corn)","2023","2023","t","36656692.78","A","Official figure",""
"QCL","Crops and livestock products","356","India","5312","Area harvested","0112","Maize (corn)","2024","2024","ha","11349065","A","Official figure",""
"QCL","Crops and livestock products","356","India","5412","Yield","0112","Maize (corn)","2024","2024","kg/ha","3544.8","A","Official figure",""
"QCL","Crops and livestock products","356","India","5510","Production","0112","Maize (corn)","2024","2024","t","40230572.74","A","Official figure",""
"QCL","Crops and livestock products","356","India","5312","Area harvested","0118","Millet","2015","2015","ha","8916754","A","Official figure",""
"QCL","Crops and livestock products","356","India","5412","Yield","0118","Millet","2015","2015","kg/ha","1152.8","A","Official figure",""
"QCL","Crops and livestock products","356","India","5510","Production","0118","Millet","2015","2015","t","10279447.33","A","Official figure",""
"QCL","Crops and livestock products","356","India","5312","Area harvested","0118","Millet","2016","2016","ha","9093724","A","Official figure",""
"QCL","Crops and livestock products","356","India","5412","Yield","0118","Millet","2016","2016","kg/ha","1270.9","A","Official figure",""
"QCL","Crops and livestock products","356","India","5510","Production","0118","Millet","2016","2016","t","11556916.27","A","Official figure",""
"QCL","Crops and livestock products","356","India","5312","Area harvested","0118","Millet","2017","2017","ha","9221160","A","Official figure",""
"QCL","Crops and livestock products","356","India","5412","Yield","0118","Millet","2017","2017","kg/ha","1261.6","A","Official figure",""
"QCL","Crops and livestock products","356","India","5510","Production","0118","Millet","2017","2017","t","11633068.43","A","Official figure",""
"QCL","Crops and livestock products","356","India","5312","Area harvested","0118","Millet","2018","2018","ha","8449723","A","Official figure",""
"QCL","Crops and livestock products","356","India","5412","Yield","0118","Millet","2018","2018","kg/ha","1211.4","A","Official figure",""
"QCL","Crops and livestock products","356","India","5510","Production","0118","Millet","2018","2018","t","10235828.75","A","Official figure",""
"QCL","Crops and livestock products","356","India","5312","Area harvested","0118","Millet","2019","2019","ha","9005493","A","Official figure",""
"QCL","Crops and livestock products","356","India","5412","Yield","0118","Millet","2019","2019","kg/ha","1386.8","A","Official figure",""
"QCL","Crops and livestock products","356","India","5510","Production","0118","Millet","2019","2019","t","12488468.03","A","Official figure",""
"QCL","Crops and livestock products","356","India","5312","Area harvested","0118","Millet","2020","2020","ha","9255542","A","Official figure",""
"QCL","Crops and livestock products","356","India","5412","Yield","0118","Millet","2020","2020","kg/ha","1427.1","A","Official figure",""
"QCL","Crops and livestock products","356","India","5510","Production","0118","Millet","2020","2020","t","13208479.58","A","Official figure",""
"QCL","Crops and livestock products","356","India","5312","Area harvested","0118","Millet","2021","2021","ha","8488147","A","Official figure",""
"QCL","Crops and livestock products","356","India","5412","Yield","0118","Millet","2021","2021","kg/ha","1396","A","Official figure",""
"QCL","Crops and livestock products","356","India","5510","Production","0118","Millet","2021","2021","t","11849184.52","A","Official figure",""
"QCL","Crops and livestock products","356","India","5312","Area harvested","0118","Millet","2022","2022","ha","8763589","A","Official figure",""
"QCL","Crops and livestock products","356","India","5412","Yield","0118","Millet","2022","2022","kg/ha","1417.7","A","Official figure",""
"QCL","Crops and livestock products","356","India","5510","Production","0118","Millet","2022","2022","t","12424565.34","A","Official figure",""
"QCL","Crops and livestock products","356","India","5312","Area harvested","0118","Millet","2023","2023","ha","9060986","A","Official figure",""
"QCL","Crops and livestock products","356","India","5412","Yield","0118","Millet","2023","2023","kg/ha","1419.7","A","Official figure",""
"QCL","Crops and livestock products","356","India","5510","Production","0118","Millet","2023","2023","t","12864089.9","A","Official figure",""
"QCL","Crops and livestock products","356","India","5312","Area harvested","0118","Millet","2024","2024","ha","8816931","A","Official figure",""
"QCL","Crops and livestock products","356","India","5412","Yield","0118","Millet","2024","2024","kg/ha","1431.4","A","Official figure",""
"QCL","Crops and livestock products","356","India","5510","Production","0118","Millet","2024","2024","t","12620812.83","A","Official figure",""
"QCL","Crops and livestock products","356","India","5312","Area harvested","01510","Potatoes","2015","2015","ha","2076000","A","Official figure",""
"QCL","Crops and livestock products","356","India","5412","Yield","01510","Potatoes","2015","2015","kg/ha","23125.7","A","Official figure",""
"QCL","Crops and livestock products","356","India","5510","Production","01510","Potatoes","2015","2015","t","48009000","A","Official figure",""
"QCL","Crops and livestock products","356","India","5312","Area harvested","01510","Potatoes","2016","2016","ha","2117000","A","Official figure",""
"QCL","Crops and livestock products","356","India","5412","Yield","01510","Potatoes","2016","2016","kg/ha","20508.7","A","Official figure",""
"QCL","Crops and livestock products","356","India","5510","Production","01510","Potatoes","2016","2016","t","43417000","A","Official figure",""
"QCL","Crops and livestock products","356","India","5312","Area harvested","01510","Potatoes","2017","2017","ha","2179000","A","Official figure",""
"QCL","Crops and livestock products","356","India","5412","Yield","01510","Potatoes","2017","2017","kg/ha","22306.1","A","Official figure",""
"QCL","Crops and livestock products","356","India","5510","Production","01510","Potatoes","2017","2017","t","48605000","A","Official figure",""
"QCL","Crops and livestock products","356","India","5312","Area harvested","01510","Potatoes","2018","2018","ha","2142000","A","Official figure",""
"QCL","Crops and livestock products","356","India","5412","Yield","01510","Potatoes","2018","2018","kg/ha","23954.2","A","Official figure",""
"QCL","Crops and livestock products","356","India","5510","Production","01510","Potatoes","2018","2018","t","51310000","A","Official figure",""
"QCL","Crops and livestock products","356","India","5312","Area harvested","01510","Potatoes","2019","2019","ha","2173000","A","Official figure",""
"QCL","Crops and livestock products","356","India","5412","Yield","01510","Potatoes","2019","2019","kg/ha","23097.1","A","Official figure",""
"QCL","Crops and livestock products","356","India","5510","Production","01510","Potatoes","2019","2019","t","50190000","A","Official figure",""
"QCL","Crops and livestock products","356","India","5312","Area harvested","01510","Potatoes","2020","2020","ha","2051000","A","Official figure",""
"QCL","Crops and livestock products","356","India","5412","Yield","01510","Potatoes","2020","2020","kg/ha","23677.2","A","Official figure",""
"QCL","Crops and livestock products","356","India","5510","Production","01510","Potatoes","2020","2020","t","48562000","A","Official figure",""
"QCL","Crops and livestock products","356","India","5312","Area harvested","01510","Potatoes","2021","2021","ha","2248000","A","Official figure",""
"QCL","Crops and livestock products","356","India","5412","Yield","01510","Potatoes","2021","2021","kg/ha","24123.7","A","Official figure",""
"QCL","Crops and livestock products","356","India","5510","Production","01510","Potatoes","2021","2021","t","54230000","A","Official figure",""
"QCL","Crops and livestock products","356","India","5312","Area harvested","01510","Potatoes","2022","2022","ha","2226000","A","Official figure",""
"QCL","Crops and livestock products","356","India","5412","Yield","01510","Potatoes","2022","2022","kg/ha","25236.3","A","Official figure",""
"QCL","Crops and livestock products","356","India","5510","Production","01510","Potatoes","2022","2022","t","56176000","A","Official figure",""
"QCL","Crops and livestock products","356","India","5312","Area harvested","01510","Potatoes","2023","2023","ha","2332000","A","Official figure",""
"QCL","Crops and livestock products","356","India","5412","Yield","01510","Potatoes","2023","2023","kg/ha","25789.9","A","Official figure",""
"QCL","Crops and livestock products","356","India","5510","Production","01510","Potatoes","2023","2023","t","60142000","A","Official figure",""
"QCL","Crops and livestock products","356","India","5312","Area harvested","01510","Potatoes","2024","2024","ha","2322229","A","Official figure",""
"QCL","Crops and livestock products","356","India","5412","Yield","01510","Potatoes","2024","2024","kg/ha","24568.4","A","Official figure",""
"QCL","Crops and livestock products","356","India","5510","Production","01510","Potatoes","2024","2024","t","57053344","A","Official figure",""
"QCL","Crops and livestock products","356","India","5312","Area harvested","01443","Rape or colza seed","2015","2015","ha","5791000","A","Official figure",""
"QCL","Crops and livestock products","356","India","5412","Yield","01443","Rape or colza seed","2015","2015","kg/ha","1084.8","A","Official figure",""
"QCL","Crops and livestock products","356","India","5510","Production","01443","Rape or colza seed","2015","2015","t","6282000","A","Official figure",""
"QCL","Crops and livestock products","356","India","5312","Area harvested","01443","Rape or colza seed","2016","2016","ha","5762000","A","Official figure",""
"QCL","Crops and livestock products","356","India","5412","Yield","01443","Rape or colza seed","2016","2016","kg/ha","1179.6","A","Official figure",""
"QCL","Crops and livestock products","356","India","5510","Production","01443","Rape or colza seed","2016","2016","t","6797000","A","Official figure",""
"QCL","Crops and livestock products","356","India","5312","Area harvested","01443","Rape or colza seed","2017","2017","ha","6073820","A","Official figure",""
"QCL","Crops and livestock products","356","India","5412","Yield","01443","Rape or colza seed","2017","2017","kg/ha","1303.5","A","Official figure",""
"QCL","Crops and livestock products","356","India","5510","Production","01443","Rape or colza seed","2017","2017","t","7917230","A","Official figure",""
"QCL","Crops and livestock products","356","India","5312","Area harvested","01443","Rape or colza seed","2018","2018","ha","5977160","A","Official figure",""
"QCL","Crops and livestock products","356","India","5412","Yield","01443","Rape or colza seed","2018","2018","kg/ha","1410.3","A","Official figure",""
"QCL","Crops and livestock products","356","India","5510","Production","01443","Rape or colza seed","2018","2018","t","8429850","A","Official figure",""
"QCL","Crops and livestock products","356","India","5312","Area harvested","01443","Rape or colza seed","2019","2019","ha","6123930","A","Official figure",""
"QCL","Crops and livestock products","356","India","5412","Yield","01443","Rape or colza seed","2019","2019","kg/ha","1511.4","A","Official figure",""
"QCL","Crops and livestock products","356","India","5510","Production","01443","Rape or colza seed","2019","2019","t","9255660","A","Official figure",""
"QCL","Crops and livestock products","356","India","5312","Area harvested","01443","Rape or colza seed","2020","2020","ha","6856270","A","Official figure",""
"QCL","Crops and livestock products","356","India","5412","Yield","01443","Rape or colza seed","2020","2020","kg/ha","1330.7","A","Official figure",""
"QCL","Crops and livestock products","356","India","5510","Production","01443","Rape or colza seed","2020","2020","t","9123640","A","Official figure",""
"QCL","Crops and livestock products","356","India","5312","Area harvested","01443","Rape or colza seed","2021","2021","ha","6699760","A","Official figure",""
"QCL","Crops and livestock products","356","India","5412","Yield","01443","Rape or colza seed","2021","2021","kg/ha","1523.9","A","Official figure",""
"QCL","Crops and livestock products","356","India","5510","Production","01443","Rape or colza seed","2021","2021","t","10210010","A","Official figure",""
"QCL","Crops and livestock products","356","India","5312","Area harvested","01443","Rape or colza seed","2022","2022","ha","7991420","A","Official figure",""
"QCL","Crops and livestock products","356","India","5412","Yield","01443","Rape or colza seed","2022","2022","kg/ha","1497","A","Official figure",""
"QCL","Crops and livestock products","356","India","5510","Production","01443","Rape or colza seed","2022","2022","t","11963090","A","Official figure",""
"QCL","Crops and livestock products","356","India","5312","Area harvested","01443","Rape or colza seed","2023","2023","ha","8851524","A","Official figure",""
"QCL","Crops and livestock products","356","India","5412","Yield","01443","Rape or colza seed","2023","2023","kg/ha","1428.4","A","Official figure",""
"QCL","Crops and livestock products","356","India","5510","Production","01443","Rape or colza seed","2023","2023","t","12643196.4","A","Official figure",""
"QCL","Crops and livestock products","356","India","5312","Area harvested","01443","Rape or colza seed","2024","2024","ha","9183186","A","Official figure",""
"QCL","Crops and livestock products","356","India","5412","Yield","01443","Rape or colza seed","2024","2024","kg/ha","1443.8","A","Official figure",""
"QCL","Crops and livestock products","356","India","5510","Production","01443","Rape or colza seed","2024","2024","t","13259142.3","A","Official figure",""
"QCL","Crops and livestock products","356","India","5312","Area harvested","0113","Rice","2015","2015","ha","43938012","A","Official figure",""
"QCL","Crops and livestock products","356","India","5412","Yield","0113","Rice","2015","2015","kg/ha","3601.8","A","Official figure",""
"QCL","Crops and livestock products","356","India","5510","Production","0113","Rice","2015","2015","t","158254967.78","A","Official figure",""
"QCL","Crops and livestock products","356","India","5312","Area harvested","0113","Rice","2016","2016","ha","43688499","A","Official figure",""
"QCL","Crops and livestock products","356","India","5412","Yield","0113","Rice","2016","2016","kg/ha","3752.6","A","Official figure",""
"QCL","Crops and livestock products","356","India","5510","Production","0113","Rice","2016","2016","t","163947351.09","A","Official figure",""
"QCL","Crops and livestock products","356","India","5312","Area harvested","0113","Rice","2017","2017","ha","43496848","A","Official figure",""
"QCL","Crops and livestock products","356","India","5412","Yield","0113","Rice","2017","2017","kg/ha","3811.7","A","Official figure",""
"QCL","Crops and livestock products","356","India","5510","Production","0113","Rice","2017","2017","t","165796205.79","A","Official figure",""
"QCL","Crops and livestock products","356","India","5312","Area harvested","0113","Rice","2018","2018","ha","44389153","A","Official figure",""
"QCL","Crops and livestock products","356","India","5412","Yield","0113","Rice","2018","2018","kg/ha","3976.1","A","Official figure",""
"QCL","Crops and livestock products","356","India","5510","Production","0113","Rice","2018","2018","t","176493653.91","A","Official figure",""
"QCL","Crops and livestock products","356","India","5312","Area harvested","0113","Rice","2019","2019","ha","43205052","A","Official figure",""
"QCL","Crops and livestock products","356","India","5412","Yield","0113","Rice","2019","2019","kg/ha","4052.1","A","Official figure",""
"QCL","Crops and livestock products","356","India","5510","Production","0113","Rice","2019","2019","t","175071504.27","A","Official figure",""
"QCL","Crops and livestock products","356","India","5312","Area harvested","0113","Rice","2020","2020","ha","45007310","A","Official figure",""
"QCL","Crops and livestock products","356","India","5412","Yield","0113","Rice","2020","2020","kg/ha","4059.4","A","Official figure",""
"QCL","Crops and livestock products","356","India","5510","Production","0113","Rice","2020","2020","t","182702924.12","A","Official figure",""
"QCL","Crops and livestock products","356","India","5312","Area harvested","0113","Rice","2021","2021","ha","46449121","A","Official figure",""
"QCL","Crops and livestock products","356","India","5412","Yield","0113","Rice","2021","2021","kg/ha","4203.3","A","Official figure",""
"QCL","Crops and livestock products","356","India","5510","Production","0113","Rice","2021","2021","t","195241449.38","A","Official figure",""
"QCL","Crops and livestock products","356","India","5312","Area harvested","0113","Rice","2022","2022","ha","45643151","A","Official figure",""
"QCL","Crops and livestock products","356","India","5412","Yield","0113","Rice","2022","2022","kg/ha","4238.8","A","Official figure",""
"QCL","Crops and livestock products","356","India","5510","Production","0113","Rice","2022","2022","t","193473289.35","A","Official figure",""
"QCL","Crops and livestock products","356","India","5312","Area harvested","0113","Rice","2023","2023","ha","48163285","A","Official figure",""
"QCL","Crops and livestock products","356","India","5412","Yield","0113","Rice","2023","2023","kg/ha","4313.5","A","Official figure",""
"QCL","Crops and livestock products","356","India","5510","Production","0113","Rice","2023","2023","t","207753551.26","A","Official figure",""
"QCL","Crops and livestock products","356","India","5312","Area harvested","0113","Rice","2024","2024","ha","50511930","A","Official figure",""
"QCL","Crops and livestock products","356","India","5412","Yield","0113","Rice","2024","2024","kg/ha","4313.2","A","Official figure",""
"QCL","Crops and livestock products","356","India","5510","Production","0113","Rice","2024","2024","t","217867864.16","A","Official figure",""
"QCL","Crops and livestock products","356","India","5312","Area harvested","0111","Wheat","2015","2015","ha","31470000","A","Official figure",""
"QCL","Crops and livestock products","356","India","5412","Yield","0111","Wheat","2015","2015","kg/ha","2749.6","A","Official figure",""
"QCL","Crops and livestock products","356","India","5510","Production","0111","Wheat","2015","2015","t","86530000","A","Official figure",""
"QCL","Crops and livestock products","356","India","5312","Area harvested","0111","Wheat","2016","2016","ha","30420000","A","Official figure",""
"QCL","Crops and livestock products","356","India","5412","Yield","0111","Wheat","2016","2016","kg/ha","3033.9","A","Official figure",""
"QCL","Crops and livestock products","356","India","5510","Production","0111","Wheat","2016","2016","t","92290000","A","Official figure",""
"QCL","Crops and livestock products","356","India","5312","Area harvested","0111","Wheat","2017","2017","ha","30785230","A","Official figure",""
"QCL","Crops and livestock products","356","India","5412","Yield","0111","Wheat","2017","2017","kg/ha","3199.9","A","Official figure",""
"QCL","Crops and livestock products","356","India","5510","Production","0111","Wheat","2017","2017","t","98510220","A","Official figure",""
"QCL","Crops and livestock products","356","India","5312","Area harvested","0111","Wheat","2018","2018","ha","29650590","A","Official figure",""
"QCL","Crops and livestock products","356","India","5412","Yield","0111","Wheat","2018","2018","kg/ha","3368.2","A","Official figure",""
"QCL","Crops and livestock products","356","India","5510","Production","0111","Wheat","2018","2018","t","99869520","A","Official figure",""
"QCL","Crops and livestock products","356","India","5312","Area harvested","0111","Wheat","2019","2019","ha","29318780","A","Official figure",""
"QCL","Crops and livestock products","356","India","5412","Yield","0111","Wheat","2019","2019","kg/ha","3533.4","A","Official figure",""
"QCL","Crops and livestock products","356","India","5510","Production","0111","Wheat","2019","2019","t","103596230","A","Official figure",""
"QCL","Crops and livestock products","356","India","5312","Area harvested","0111","Wheat","2020","2020","ha","31357020","A","Official figure",""
"QCL","Crops and livestock products","356","India","5412","Yield","0111","Wheat","2020","2020","kg/ha","3439.8","A","Official figure",""
"QCL","Crops and livestock products","356","India","5510","Production","0111","Wheat","2020","2020","t","107860510","A","Official figure",""
"QCL","Crops and livestock products","356","India","5312","Area harvested","0111","Wheat","2021","2021","ha","31125160","A","Official figure",""
"QCL","Crops and livestock products","356","India","5412","Yield","0111","Wheat","2021","2021","kg/ha","3520.8","A","Official figure",""
"QCL","Crops and livestock products","356","India","5510","Production","0111","Wheat","2021","2021","t","109586500","A","Official figure",""
"QCL","Crops and livestock products","356","India","5312","Area harvested","0111","Wheat","2022","2022","ha","30458530","A","Official figure",""
"QCL","Crops and livestock products","356","India","5412","Yield","0111","Wheat","2022","2022","kg/ha","3537.3","A","Official figure",""
"QCL","Crops and livestock products","356","India","5510","Production","0111","Wheat","2022","2022","t","107742070","A","Official figure",""
"QCL","Crops and livestock products","356","India","5312","Area harvested","0111","Wheat","2023","2023","ha","31400716","A","Official figure",""
"QCL","Crops and livestock products","356","India","5412","Yield","0111","Wheat","2023","2023","kg/ha","3520.7","A","Official figure",""
"QCL","Crops and livestock products","356","India","5510","Production","0111","Wheat","2023","2023","t","110553675.31","A","Official figure",""
"QCL","Crops and livestock products","356","India","5312","Area harvested","0111","Wheat","2024","2024","ha","31832884","A","Official figure",""
"QCL","Crops and livestock products","356","India","5412","Yield","0111","Wheat","2024","2024","kg/ha","3559","A","Official figure",""
"QCL","Crops and livestock products","356","India","5510","Production","0111","Wheat","2024","2024","t","113292368","A","Official figure",""
"QCL","Crops and livestock products","840","United States of America","5312","Area harvested","0115","Barley","2015","2015","ha","1258180","A","Official figure",""
"QCL","Crops and livestock products","840","United States of America","5412","Yield","0115","Barley","2015","2015","kg/ha","3708.3","A","Official figure",""
"QCL","Crops and livestock products","840","United States of America","5510","Production","0115","Barley","2015","2015","t","4665770","A","Official figure",""
"QCL","Crops and livestock products","840","United States of America","5312","Area harvested","0115","Barley","2016","2016","ha","1038030","A","Official figure",""
"QCL","Crops and livestock products","840","United States of America","5412","Yield","0115","Barley","2016","2016","kg/ha","4193.1","A","Official figure",""
"QCL","Crops and livestock products","840","United States of America","5510","Production","0115","Barley","2016","2016","t","4352610","A","Official figure",""
"QCL","Crops and livestock products","840","United States of America","5312","Area harvested","0115","Barley","2017","2017","ha","794000","A","Official figure",""
"QCL","Crops and livestock products","840","United States of America","5412","Yield","0115","Barley","2017","2017","kg/ha","3928.3","A","Official figure",""
"QCL","Crops and livestock products","840","United States of America","5510","Production","0115","Barley","2017","2017","t","3119070","A","Official figure",""
"QCL","Crops and livestock products","840","United States of America","5312","Area harvested","0115","Barley","2018","2018","ha","802100","A","Official figure",""
"QCL","Crops and livestock products","840","United States of America","5412","Yield","0115","Barley","2018","2018","kg/ha","4167.4","A","Official figure",""
"QCL","Crops and livestock products","840","United States of America","5510","Production","0115","Barley","2018","2018","t","3342660","A","Official figure",""
"QCL","Crops and livestock products","840","United States of America","5312","Area harvested","0115","Barley","2019","2019","ha","898820","A","Official figure",""
"QCL","Crops and livestock products","840","United States of America","5412","Yield","0115","Barley","2019","2019","kg/ha","4178.5","A","Official figure",""
"QCL","Crops and livestock products","840","United States of America","5510","Production","0115","Barley","2019","2019","t","3755720","A","Official figure",""
"QCL","Crops and livestock products","840","United States of America","5312","Area harvested","0115","Barley","2020","2020","ha","895980","A","Official figure",""
"QCL","Crops and livestock products","840","United States of America","5412","Yield","0115","Barley","2020","2020","kg/ha","4150.8","A","Official figure",""
"QCL","Crops and livestock products","840","United States of America","5510","Production","0115","Barley","2020","2020","t","3719010","A","Official figure",""
"QCL","Crops and livestock products","840","United States of America","5312","Area harvested","0115","Barley","2021","2021","ha","806950","A","Official figure",""
"QCL","Crops and livestock products","840","United States of America","5412","Yield","0115","Barley","2021","2021","kg/ha","3253.7","A","Official figure",""
"QCL","Crops and livestock products","840","United States of America","5510","Production","0115","Barley","2021","2021","t","2625600","A","Official figure",""
"QCL","Crops and livestock products","840","United States of America","5312","Area harvested","0115","Barley","2022","2022","ha","981370","A","Official figure",""
"QCL","Crops and livestock products","840","United States of America","5412","Yield","0115","Barley","2022","2022","kg/ha","3858.5","A","Official figure",""
"QCL","Crops and livestock products","840","United States of America","5510","Production","0115","Barley","2022","2022","t","3786660","A","Official figure",""
"QCL","Crops and livestock products","840","United States of America","5312","Area harvested","0115","Barley","2023","2023","ha","1033980","A","Official figure",""
"QCL","Crops and livestock products","840","United States of America","5412","Yield","0115","Barley","2023","2023","kg/ha","3896.3","A","Official figure",""
"QCL","Crops and livestock products","840","United States of America","5510","Production","0115","Barley","2023","2023","t","4028680","A","Official figure",""
"QCL","Crops and livestock products","840","United States of America","5312","Area harvested","0115","Barley","2024","2024","ha","758790","A","Official figure",""
"QCL","Crops and livestock products","840","United States of America","5412","Yield","0115","Barley","2024","2024","kg/ha","4127.2","A","Official figure",""
"QCL","Crops and livestock products","840","United States of America","5510","Production","0115","Barley","2024","2024","t","3131660","A","Official figure",""
"QCL","Crops and livestock products","840","United States of America","5312","Area harvested","0112","Maize (corn)","2015","2015","ha","32678310","A","Official figure",""
"QCL","Crops and livestock products","840","United States of America","5412","Yield","0112","Maize (corn)","2015","2015","kg/ha","10572.3","A","Official figure",""
"QCL","Crops and livestock products","840","United States of America","5510","Production","0112","Maize (corn)","2015","2015","t","345486340","A","Official figure",""
"QCL","Crops and livestock products","840","United States of America","5312","Area harvested","0112","Maize (corn)","2016","2016","ha","35106050","A","Official figure",""
"QCL","Crops and livestock products","840","United States of America","5412","Yield","0112","Maize (corn)","2016","2016","kg/ha","11743.3","A","Official figure",""
"QCL","Crops and livestock products","840","United States of America","5510","Production","0112","Maize (corn)","2016","2016","t","412262180","A","Official figure",""
"QCL","Crops and livestock products","840","United States of America","5312","Area harvested","0112","Maize (corn)","2017","2017","ha","33481220","A","Official figure",""
"QCL","Crops and livestock products","840","United States of America","5412","Yield","0112","Maize (corn)","2017","2017","kg/ha","11083.7","A","Official figure",""
"QCL","Crops and livestock products","840","United States of America","5510","Production","0112","Maize (corn)","2017","2017","t","371096030","A","Official figure",""
"QCL","Crops and livestock products","840","United States of America","5312","Area harvested","0112","Maize (corn)","2018","2018","ha","32891580","A","Official figure",""
"QCL","Crops and livestock products","840","United States of America","5412","Yield","0112","Maize (corn)","2018","2018","kg/ha","11074.6","A","Official figure",""
"QCL","Crops and livestock products","840","United States of America","5510","Production","0112","Maize (corn)","2018","2018","t","364262150","A","Official figure",""
"QCL","Crops and livestock products","840","United States of America","5312","Area harvested","0112","Maize (corn)","2019","2019","ha","32916270","A","Official figure",""
"QCL","Crops and livestock products","840","United States of America","5412","Yield","0112","Maize (corn)","2019","2019","kg/ha","10510.4","A","Official figure",""
"QCL","Crops and livestock products","840","United States of America","5510","Production","0112","Maize (corn)","2019","2019","t","345962110","A","Official figure",""
"QCL","Crops and livestock products","840","United States of America","5312","Area harvested","0112","Maize (corn)","2020","2020","ha","33311250","A","Official figure",""
"QCL","Crops and livestock products","840","United States of America","5412","Yield","0112","Maize (corn)","2020","2020","kg/ha","10760.5","A","Official figure",""
"QCL","Crops and livestock products","840","United States of America","5510","Production","0112","Maize (corn)","2020","2020","t","358447310","A","Official figure",""
"QCL","Crops and livestock products","840","United States of America","5312","Area harvested","0112","Maize (corn)","2021","2021","ha","34393800","A","Official figure",""
"QCL","Crops and livestock products","840","United States of America","5412","Yield","0112","Maize (corn)","2021","2021","kg/ha","11091.2","A","Official figure",""
"QCL","Crops and livestock products","840","United States of America","5510","Production","0112","Maize (corn)","2021","2021","t","381469380","A","Official figure",""
"QCL","Crops and livestock products","840","United States of America","5312","Area harvested","0112","Maize (corn)","2022","2022","ha","31851130","A","Official figure",""
"QCL","Crops and livestock products","840","United States of America","5412","Yield","0112","Maize (corn)","2022","2022","kg/ha","10886.3","A","Official figure",""
"QCL","Crops and livestock products","840","United States of America","5510","Production","0112","Maize (corn)","2022","2022","t","346739460","A","Official figure",""
"QCL","Crops and livestock products","840","United States of America","5312","Area harvested","0112","Maize (corn)","2023","2023","ha","35010950","A","Official figure",""
"QCL","Crops and livestock products","840","United States of America","5412","Yield","0112","Maize (corn)","2023","2023","kg/ha","11130.6","A","Official figure",""
"QCL","Crops and livestock products","840","United States of America","5510","Production","0112","Maize (corn)","2023","2023","t","389694460","A","Official figure",""
"QCL","Crops and livestock products","840","United States of America","5312","Area harvested","0112","Maize (corn)","2024","2024","ha","33547180","A","Official figure",""
"QCL","Crops and livestock products","840","United States of America","5412","Yield","0112","Maize (corn)","2024","2024","kg/ha","11256.8","A","Official figure",""
"QCL","Crops and livestock products","840","United States of America","5510","Production","0112","Maize (corn)","2024","2024","t","377632690","A","Official figure",""
"QCL","Crops and livestock products","840","United States of America","5312","Area harvested","0118","Millet","2015","2015","ha","169160","A","Official figure",""
"QCL","Crops and livestock products","840","United States of America","5412","Yield","0118","Millet","2015","2015","kg/ha","1898.3","A","Official figure",""
"QCL","Crops and livestock products","840","United States of America","5510","Production","0118","Millet","2015","2015","t","321120","A","Official figure",""
"QCL","Crops and livestock products","840","United States of America","5312","Area harvested","0118","Millet","2016","2016","ha","167140","A","Official figure",""
"QCL","Crops and livestock products","840","United States of America","5412","Yield","0118","Millet","2016","2016","kg/ha","2044.8","A","Official figure",""
"QCL","Crops and livestock products","840","United States of America","5510","Production","0118","Millet","2016","2016","t","341770","A","Official figure",""
"QCL","Crops and livestock products","840","United States of America","5312","Area harvested","0118","Millet","2017","2017","ha","163090","A","Official figure",""
"QCL","Crops and livestock products","840","United States of America","5412","Yield","0118","Millet","2017","2017","kg/ha","2070.5","A","Official figure",""
"QCL","Crops and livestock products","840","United States of America","5510","Production","0118","Millet","2017","2017","t","337680","A","Official figure",""
"QCL","Crops and livestock products","840","United States of America","5312","Area harvested","0118","Millet","2018","2018","ha","157830","A","Official figure",""
"QCL","Crops and livestock products","840","United States of America","5412","Yield","0118","Millet","2018","2018","kg/ha","1666.2","A","Official figure",""
"QCL","Crops and livestock products","840","United States of America","5510","Production","0118","Millet","2018","2018","t","262970","A","Official figure",""
"QCL","Crops and livestock products","840","United States of America","5312","Area harvested","0118","Millet","2019","2019","ha","188180","A","Official figure",""
"QCL","Crops and livestock products","840","United States of America","5412","Yield","0118","Millet","2019","2019","kg/ha","2001.6","A","Official figure",""
"QCL","Crops and livestock products","840","United States of America","5510","Production","0118","Millet","2019","2019","t","376660","A","Official figure",""
"QCL","Crops and livestock products","840","United States of America","5312","Area harvested","0118","Millet","2020","2020","ha","205990","A","Official figure",""
"QCL","Crops and livestock products","840","United States of America","5412","Yield","0118","Millet","2020","2020","kg/ha","1054","A","Official figure",""
"QCL","Crops and livestock products","840","United States of America","5510","Production","0118","Millet","2020","2020","t","217110","A","Official figure",""
"QCL","Crops and livestock products","840","United States of America","5312","Area harvested","0118","Millet","2021","2021","ha","268310","A","Official figure",""
"QCL","Crops and livestock products","840","United States of America","5412","Yield","0118","Millet","2021","2021","kg/ha","1300.2","A","Official figure",""
"QCL","Crops and livestock products","840","United States of America","5510","Production","0118","Millet","2021","2021","t","348860","A","Official figure",""
"QCL","Crops and livestock products","840","United States of America","5312","Area harvested","0118","Millet","2022","2022","ha","199510","A","Official figure",""
"QCL","Crops and livestock products","840","United States of America","5412","Yield","0118","Millet","2022","2022","kg/ha","1041.1","A","Official figure",""
"QCL","Crops and livestock products","840","United States of America","5510","Production","0118","Millet","2022","2022","t","207700","A","Official figure",""
"QCL","Crops and livestock products","840","United States of America","5312","Area harvested","0118","Millet","2023","2023","ha","231480","A","Official figure",""
"QCL","Crops and livestock products","840","United States of America","5412","Yield","0118","Millet","2023","2023","kg/ha","1917.6","A","Official figure",""
"QCL","Crops and livestock products","840","United States of America","5510","Production","0118","Millet","2023","2023","t","443890","A","Official figure",""
"QCL","Crops and livestock products","840","United States of America","5312","Area harvested","0118","Millet","2024","2024","ha","172800","A","Official figure",""
"QCL","Crops and livestock products","840","United States of America","5412","Yield","0118","Millet","2024","2024","kg/ha","1845.5","A","Official figure",""
"QCL","Crops and livestock products","840","United States of America","5510","Production","0118","Millet","2024","2024","t","318900","A","Official figure",""
"QCL","Crops and livestock products","840","United States of America","5312","Area harvested","01510","Potatoes","2015","2015","ha","426710","A","Official figure",""
"QCL","Crops and livestock products","840","United States of America","5412","Yield","01510","Potatoes","2015","2015","kg/ha","46900","A","Official figure",""
"QCL","Crops and livestock products","840","United States of America","5510","Production","01510","Potatoes","2015","2015","t","20012720","A","Official figure",""
"QCL","Crops and livestock products","840","United States of America","5312","Area harvested","01510","Potatoes","2016","2016","ha","419943","A","Official figure",""
"QCL","Crops and livestock products","840","United States of America","5412","Yield","01510","Potatoes","2016","2016","kg/ha","48640.8","A","Official figure",""
"QCL","Crops and livestock products","840","United States of America","5510","Production","01510","Potatoes","2016","2016","t","20426359","A","Official figure",""
"QCL","Crops and livestock products","840","United States of America","5312","Area harvested","01510","Potatoes","2017","2017","ha","422690","A","Official figure",""
"QCL","Crops and livestock products","840","United States of America","5412","Yield","01510","Potatoes","2017","2017","kg/ha","48388.7","A","Official figure",""
"QCL","Crops and livestock products","840","United States of America","5510","Production","01510","Potatoes","2017","2017","t","20453430","A","Official figure",""
"QCL","Crops and livestock products","840","United States of America","5312","Area harvested","01510","Potatoes","2018","2018","ha","410670","A","Official figure",""
"QCL","Crops and livestock products","840","United States of America","5412","Yield","01510","Potatoes","2018","2018","kg/ha","49727.4","A","Official figure",""
"QCL","Crops and livestock products","840","United States of America","5510","Production","01510","Potatoes","2018","2018","t","20421560","A","Official figure",""
"QCL","Crops and livestock products","840","United States of America","5312","Area harvested","01510","Potatoes","2019","2019","ha","379320","A","Official figure",""
"QCL","Crops and livestock products","840","United States of America","5412","Yield","01510","Potatoes","2019","2019","kg/ha","50752.2","A","Official figure",""
"QCL","Crops and livestock products","840","United States of America","5510","Production","01510","Potatoes","2019","2019","t","19251320","A","Official figure",""
"QCL","Crops and livestock products","840","United States of America","5312","Area harvested","01510","Potatoes","2020","2020","ha","368960","A","Official figure",""
"QCL","Crops and livestock products","840","United States of America","5412","Yield","01510","Potatoes","2020","2020","kg/ha","51636.5","A","Official figure",""
"QCL","Crops and livestock products","840","United States of America","5510","Production","01510","Potatoes","2020","2020","t","19051790","A","Official figure",""
"QCL","Crops and livestock products","840","United States of America","5312","Area harvested","01510","Potatoes","2021","2021","ha","376200","A","Official figure",""
"QCL","Crops and livestock products","840","United States of America","5412","Yield","01510","Potatoes","2021","2021","kg/ha","49752.8","A","Official figure",""
"QCL","Crops and livestock products","840","United States of America","5510","Production","01510","Potatoes","2021","2021","t","18717000","A","Official figure",""
"QCL","Crops and livestock products","840","United States of America","5312","Area harvested","01510","Potatoes","2022","2022","ha","371590","A","Official figure",""
"QCL","Crops and livestock products","840","United States of America","5412","Yield","01510","Potatoes","2022","2022","kg/ha","49077.9","A","Official figure",""
"QCL","Crops and livestock products","840","United States of America","5510","Production","01510","Potatoes","2022","2022","t","18236860","A","Official figure",""
"QCL","Crops and livestock products","840","United States of America","5312","Area harvested","01510","Potatoes","2023","2023","ha","388580","A","Official figure",""
"QCL","Crops and livestock products","840","United States of America","5412","Yield","01510","Potatoes","2023","2023","kg/ha","51449.1","A","Official figure",""
"QCL","Crops and livestock products","840","United States of America","5510","Production","01510","Potatoes","2023","2023","t","19992090","A","Official figure",""
"QCL","Crops and livestock products","840","United States of America","5312","Area harvested","01510","Potatoes","2024","2024","ha","374500","A","Official figure",""
"QCL","Crops and livestock products","840","United States of America","5412","Yield","01510","Potatoes","2024","2024","kg/ha","50899.5","A","Official figure",""
"QCL","Crops and livestock products","840","United States of America","5510","Production","01510","Potatoes","2024","2024","t","19061860","A","Official figure",""
"QCL","Crops and livestock products","840","United States of America","5312","Area harvested","01443","Rape or colza seed","2015","2015","ha","694000","A","Official figure",""
"QCL","Crops and livestock products","840","United States of America","5412","Yield","01443","Rape or colza seed","2015","2015","kg/ha","1881.8","A","Official figure",""
"QCL","Crops and livestock products","840","United States of America","5510","Production","01443","Rape or colza seed","2015","2015","t","1306000","A","Official figure",""
"QCL","Crops and livestock products","840","United States of America","5312","Area harvested","01443","Rape or colza seed","2016","2016","ha","686860","A","Official figure",""
"QCL","Crops and livestock products","840","United States of America","5412","Yield","01443","Rape or colza seed","2016","2016","kg/ha","2046.1","A","Official figure",""
"QCL","Crops and livestock products","840","United States of America","5510","Production","01443","Rape or colza seed","2016","2016","t","1405370","A","Official figure",""
"QCL","Crops and livestock products","840","United States of America","5312","Area harvested","01443","Rape or colza seed","2017","2017","ha","814200","A","Official figure",""
"QCL","Crops and livestock products","840","United States of America","5412","Yield","01443","Rape or colza seed","2017","2017","kg/ha","1712.3","A","Official figure",""
"QCL","Crops and livestock products","840","United States of America","5510","Production","01443","Rape or colza seed","2017","2017","t","1394190","A","Official figure",""
"QCL","Crops and livestock products","840","United States of America","5312","Area harvested","01443","Rape or colza seed","2018","2018","ha","788300","A","Official figure",""
"QCL","Crops and livestock products","840","United States of America","5412","Yield","01443","Rape or colza seed","2018","2018","kg/ha","2085.1","A","Official figure",""
"QCL","Crops and livestock products","840","United States of America","5510","Production","01443","Rape or colza seed","2018","2018","t","1643670","A","Official figure",""
"QCL","Crops and livestock products","840","United States of America","5312","Area harvested","01443","Rape or colza seed","2019","2019","ha","776970","A","Official figure",""
"QCL","Crops and livestock products","840","United States of America","5412","Yield","01443","Rape or colza seed","2019","2019","kg/ha","1998.5","A","Official figure",""
"QCL","Crops and livestock products","840","United States of America","5510","Production","01443","Rape or colza seed","2019","2019","t","1552800","A","Official figure",""
"QCL","Crops and livestock products","840","United States of America","5312","Area harvested","01443","Rape or colza seed","2020","2020","ha","727590","A","Official figure",""
"QCL","Crops and livestock products","840","United States of America","5412","Yield","01443","Rape or colza seed","2020","2020","kg/ha","2165.1","A","Official figure",""
"QCL","Crops and livestock products","840","United States of America","5510","Production","01443","Rape or colza seed","2020","2020","t","1575310","A","Official figure",""
"QCL","Crops and livestock products","840","United States of America","5312","Area harvested","01443","Rape or colza seed","2021","2021","ha","848590","A","Official figure",""
"QCL","Crops and livestock products","840","United States of America","5412","Yield","01443","Rape or colza seed","2021","2021","kg/ha","1463.8","A","Official figure",""
"QCL","Crops and livestock products","840","United States of America","5510","Production","01443","Rape or colza seed","2021","2021","t","1242150","A","Official figure",""
"QCL","Crops and livestock products","840","United States of America","5312","Area harvested","01443","Rape or colza seed","2022","2022","ha","879840","A","Official figure",""
"QCL","Crops and livestock products","840","United States of America","5412","Yield","01443","Rape or colza seed","2022","2022","kg/ha","1976.8","A","Official figure",""
"QCL","Crops and livestock products","840","United States of America","5510","Production","01443","Rape or colza seed","2022","2022","t","1739280","A","Official figure",""
"QCL","Crops and livestock products","840","United States of America","5312","Area harvested","01443","Rape or colza seed","2023","2023","ha","942650","A","Official figure",""
"QCL","Crops and livestock products","840","United States of America","5412","Yield","01443","Rape or colza seed","2023","2023","kg/ha","2010.2","A","Official figure",""
"QCL","Crops and livestock products","840","United States of America","5510","Production","01443","Rape or colza seed","2023","2023","t","1894950","A","Official figure",""
"QCL","Crops and livestock products","840","United States of America","5312","Area harvested","01443","Rape or colza seed","2024","2024","ha","1103060","A","Official figure",""
"QCL","Crops and livestock products","840","United States of America","5412","Yield","01443","Rape or colza seed","2024","2024","kg/ha","2000.9","A","Official figure",""
"QCL","Crops and livestock products","840","United States of America","5510","Production","01443","Rape or colza seed","2024","2024","t","2207060","A","Official figure",""
"QCL","Crops and livestock products","840","United States of America","5312","Area harvested","0113","Rice","2015","2015","ha","1042080","A","Official figure",""
"QCL","Crops and livestock products","840","United States of America","5412","Yield","0113","Rice","2015","2015","kg/ha","8372.2","A","Official figure",""
"QCL","Crops and livestock products","840","United States of America","5510","Production","0113","Rice","2015","2015","t","8724530","A","Official figure",""
"QCL","Crops and livestock products","840","United States of America","5312","Area harvested","0113","Rice","2016","2016","ha","1253320","A","Official figure",""
"QCL","Crops and livestock products","840","United States of America","5412","Yield","0113","Rice","2016","2016","kg/ha","8112.1","A","Official figure",""
"QCL","Crops and livestock products","840","United States of America","5510","Production","0113","Rice","2016","2016","t","10167050","A","Official figure",""
"QCL","Crops and livestock products","840","United States of America","5312","Area harvested","0113","Rice","2017","2017","ha","960730","A","Official figure",""
"QCL","Crops and livestock products","840","United States of America","5412","Yield","0113","Rice","2017","2017","kg/ha","8414.7","A","Official figure",""
"QCL","Crops and livestock products","840","United States of America","5510","Production","0113","Rice","2017","2017","t","8084290","A","Official figure",""
"QCL","Crops and livestock products","840","United States of America","5312","Area harvested","0113","Rice","2018","2018","ha","1177650","A","Official figure",""
"QCL","Crops and livestock products","840","United States of America","5412","Yield","0113","Rice","2018","2018","kg/ha","8621.3","A","Official figure",""
"QCL","Crops and livestock products","840","United States of America","5510","Production","0113","Rice","2018","2018","t","10152890","A","Official figure",""
"QCL","Crops and livestock products","840","United States of America","5312","Area harvested","0113","Rice","2019","2019","ha","1002420","A","Official figure",""
"QCL","Crops and livestock products","840","United States of America","5412","Yield","0113","Rice","2019","2019","kg/ha","8375.9","A","Official figure",""
"QCL","Crops and livestock products","840","United States of America","5510","Production","0113","Rice","2019","2019","t","8396180","A","Official figure",""
"QCL","Crops and livestock products","840","United States of America","5312","Area harvested","0113","Rice","2020","2020","ha","1208400","A","Official figure",""
"QCL","Crops and livestock products","840","United States of America","5412","Yield","0113","Rice","2020","2020","kg/ha","8540.1","A","Official figure",""
"QCL","Crops and livestock products","840","United States of America","5510","Production","0113","Rice","2020","2020","t","10319860","A","Official figure",""
"QCL","Crops and livestock products","840","United States of America","5312","Area harvested","0113","Rice","2021","2021","ha","1002820","A","Official figure",""
"QCL","Crops and livestock products","840","United States of America","5412","Yield","0113","Rice","2021","2021","kg/ha","8641.6","A","Official figure",""
"QCL","Crops and livestock products","840","United States of America","5510","Production","0113","Rice","2021","2021","t","8665970","A","Official figure",""
"QCL","Crops and livestock products","840","United States of America","5312","Area harvested","0113","Rice","2022","2022","ha","876960","A","Official figure",""
"QCL","Crops and livestock products","840","United States of America","5412","Yield","0113","Rice","2022","2022","kg/ha","8277.8","A","Official figure",""
"QCL","Crops and livestock products","840","United States of America","5510","Production","0113","Rice","2022","2022","t","7259340","A","Official figure",""
"QCL","Crops and livestock products","840","United States of America","5312","Area harvested","0113","Rice","2023","2023","ha","1154990","A","Official figure",""
"QCL","Crops and livestock products","840","United States of America","5412","Yield","0113","Rice","2023","2023","kg/ha","8572.8","A","Official figure",""
"QCL","Crops and livestock products","840","United States of America","5510","Production","0113","Rice","2023","2023","t","9901510","A","Official figure",""
"QCL","Crops and livestock products","840","United States of America","5312","Area harvested","0113","Rice","2024","2024","ha","1160250","A","Official figure",""
"QCL","Crops and livestock products","840","United States of America","5412","Yield","0113","Rice","2024","2024","kg/ha","8684.1","A","Official figure",""
"QCL","Crops and livestock products","840","United States of America","5510","Production","0113","Rice","2024","2024","t","10075780","A","Official figure",""
"QCL","Crops and livestock products","840","United States of America","5312","Area harvested","0111","Wheat","2015","2015","ha","19058470","A","Official figure",""
"QCL","Crops and livestock products","840","United States of America","5412","Yield","0111","Wheat","2015","2015","kg/ha","2929.9","A","Official figure",""
"QCL","Crops and livestock products","840","United States of America","5510","Production","0111","Wheat","2015","2015","t","55839540","A","Official figure",""
"QCL","Crops and livestock products","840","United States of America","5312","Area harvested","0111","Wheat","2016","2016","ha","17744851","A","Official figure",""
"QCL","Crops and livestock products","840","United States of America","5412","Yield","0111","Wheat","2016","2016","kg/ha","3540.8","A","Official figure",""
"QCL","Crops and livestock products","840","United States of America","5510","Production","0111","Wheat","2016","2016","t","62831507","A","Official figure",""
"QCL","Crops and livestock products","840","United States of America","5312","Area harvested","0111","Wheat","2017","2017","ha","15198130","A","Official figure",""
"QCL","Crops and livestock products","840","United States of America","5412","Yield","0111","Wheat","2017","2017","kg/ha","3117.5","A","Official figure",""
"QCL","Crops and livestock products","840","United States of America","5510","Production","0111","Wheat","2017","2017","t","47379810","A","Official figure",""
"QCL","Crops and livestock products","840","United States of America","5312","Area harvested","0111","Wheat","2018","2018","ha","16030580","A","Official figure",""
"QCL","Crops and livestock products","840","United States of America","5412","Yield","0111","Wheat","2018","2018","kg/ha","3200.5","A","Official figure",""
"QCL","Crops and livestock products","840","United States of America","5510","Production","0111","Wheat","2018","2018","t","51305540","A","Official figure",""
"QCL","Crops and livestock products","840","United States of America","5312","Area harvested","0111","Wheat","2019","2019","ha","15132980","A","Official figure",""
"QCL","Crops and livestock products","840","United States of America","5412","Yield","0111","Wheat","2019","2019","kg/ha","3474.6","A","Official figure",""
"QCL","Crops and livestock products","840","United States of America","5510","Production","0111","Wheat","2019","2019","t","52580890","A","Official figure",""
"QCL","Crops and livestock products","840","United States of America","5312","Area harvested","0111","Wheat","2020","2020","ha","14888140","A","Official figure",""
"QCL","Crops and livestock products","840","United States of America","5412","Yield","0111","Wheat","2020","2020","kg/ha","3341.7","A","Official figure",""
"QCL","Crops and livestock products","840","United States of America","5510","Production","0111","Wheat","2020","2020","t","49751180","A","Official figure",""
"QCL","Crops and livestock products","840","United States of America","5312","Area harvested","0111","Wheat","2021","2021","ha","15032210","A","Official figure",""
"QCL","Crops and livestock products","840","United States of America","5412","Yield","0111","Wheat","2021","2021","kg/ha","2980.5","A","Official figure",""
"QCL","Crops and livestock products","840","United States of America","5510","Production","0111","Wheat","2021","2021","t","44803690","A","Official figure",""
"QCL","Crops and livestock products","840","United States of America","5312","Area harvested","0111","Wheat","2022","2022","ha","14360420","A","Official figure",""
"QCL","Crops and livestock products","840","United States of America","5412","Yield","0111","Wheat","2022","2022","kg/ha","3126.5","A","Official figure",""
"QCL","Crops and livestock products","840","United States of America","5510","Production","0111","Wheat","2022","2022","t","44897830","A","Official figure",""
"QCL","Crops and livestock products","840","United States of America","5312","Area harvested","0111","Wheat","2023","2023","ha","15083610","A","Official figure",""
"QCL","Crops and livestock products","840","United States of America","5412","Yield","0111","Wheat","2023","2023","kg/ha","3269.4","A","Official figure",""
"QCL","Crops and livestock products","840","United States of America","5510","Production","0111","Wheat","2023","2023","t","49313930","A","Official figure",""
"QCL","Crops and livestock products","840","United States of America","5312","Area harvested","0111","Wheat","2024","2024","ha","15568020","A","Official figure",""
"QCL","Crops and livestock products","840","United States of America","5412","Yield","0111","Wheat","2024","2024","kg/ha","3446.2","A","Official figure",""
"QCL","Crops and livestock products","840","United States of America","5510","Production","0111","Wheat","2024","2024","t","53650020","A","Official figure",""
